-- --------------------------------------------------------
-- Host:                         127.0.0.1
-- Versión del servidor:         10.0.19-MariaDB - mariadb.org binary distribution
-- SO del servidor:              Win32
-- HeidiSQL Versión:             9.1.0.4867
-- --------------------------------------------------------

/*!40101 SET @OLD_CHARACTER_SET_CLIENT=@@CHARACTER_SET_CLIENT */;
/*!40101 SET NAMES utf8mb4 */;
/*!40014 SET @OLD_FOREIGN_KEY_CHECKS=@@FOREIGN_KEY_CHECKS, FOREIGN_KEY_CHECKS=0 */;
/*!40101 SET @OLD_SQL_MODE=@@SQL_MODE, SQL_MODE='NO_AUTO_VALUE_ON_ZERO' */;

-- Volcando estructura de base de datos para gym
CREATE DATABASE IF NOT EXISTS `gym` /*!40100 DEFAULT CHARACTER SET latin1 */;
USE `gym`;


-- Volcando estructura para tabla gym.actividades
CREATE TABLE IF NOT EXISTS `actividades` (
  `idActividad` int(11) NOT NULL AUTO_INCREMENT,
  `actividad` varchar(255) DEFAULT NULL,
  PRIMARY KEY (`idActividad`)
) ENGINE=InnoDB AUTO_INCREMENT=13 DEFAULT CHARSET=latin1;

-- Volcando datos para la tabla gym.actividades: ~8 rows (aproximadamente)
/*!40000 ALTER TABLE `actividades` DISABLE KEYS */;
INSERT INTO `actividades` (`idActividad`, `actividad`) VALUES
	(1, 'Spinning'),
	(2, 'Zumba'),
	(3, 'Musculación'),
	(4, 'Cross Funcional'),
	(5, 'INDOOR BIKE'),
	(6, 'AEROTRAINING'),
	(7, 'GAP'),
	(8, 'INDOOR-CROSS'),
	(9, 'ACROBACIA EN TELAS'),
	(10, 'A.F.A'),
	(11, 'spinning'),
	(12, 'salsa y bachata');
/*!40000 ALTER TABLE `actividades` ENABLE KEYS */;


-- Volcando estructura para tabla gym.actividades_socios_turnos
CREATE TABLE IF NOT EXISTS `actividades_socios_turnos` (
  `idRelacion` int(11) NOT NULL AUTO_INCREMENT,
  `pases` int(11) DEFAULT NULL,
  `socio` int(11) DEFAULT NULL,
  `relacion` int(11) DEFAULT NULL,
  `paseLibre` int(11) DEFAULT NULL,
  PRIMARY KEY (`idRelacion`),
  KEY `FK_csc8lkqvo5bt4wo6xk11waj1v` (`socio`),
  KEY `FK_lsdynq0km513v2y06jilypicj` (`relacion`),
  CONSTRAINT `FK_csc8lkqvo5bt4wo6xk11waj1v` FOREIGN KEY (`socio`) REFERENCES `socios` (`idSocio`),
  CONSTRAINT `FK_lsdynq0km513v2y06jilypicj` FOREIGN KEY (`relacion`) REFERENCES `relaciones` (`idRelacion`)
) ENGINE=InnoDB AUTO_INCREMENT=314 DEFAULT CHARSET=latin1;

-- Volcando datos para la tabla gym.actividades_socios_turnos: ~194 rows (aproximadamente)
/*!40000 ALTER TABLE `actividades_socios_turnos` DISABLE KEYS */;
INSERT INTO `actividades_socios_turnos` (`idRelacion`, `pases`, `socio`, `relacion`, `paseLibre`) VALUES
	(1, 1, 3, 23, 1),
	(2, -1, 9, 23, 1),
	(3, 7, 2, 1, 0),
	(4, 0, 2, 15, 0),
	(5, 8, 2, 4, 0),
	(6, 0, 30, 23, 1),
	(7, 0, 33, 23, 1),
	(8, 9, 34, 2, 0),
	(9, 4, 34, 22, 0),
	(10, 0, 29, 23, 1),
	(11, 1, 35, 23, 1),
	(12, 8, 1, 2, 0),
	(13, 8, 1, 18, 0),
	(14, 8, 1, 20, 0),
	(15, 8, 1, 8, 0),
	(16, 24, 36, 18, 0),
	(17, 28, 36, 20, 0),
	(18, 0, 36, 24, 1),
	(19, 12, 53, 3, 0),
	(20, 12, 53, 7, 0),
	(21, 0, 61, 23, 1),
	(22, 16, 71, 4, 0),
	(23, 11, 67, 4, 0),
	(24, 16, 67, 6, 0),
	(25, 8, 67, 23, 1),
	(26, 18, 68, 4, 0),
	(27, 24, 68, 6, 0),
	(28, 8, 68, 23, 1),
	(29, 32, 38, 11, 0),
	(30, 8, 38, 10, 0),
	(31, 5, 23, 23, 0),
	(32, 20, 27, 15, 0),
	(33, 24, 27, 15, 0),
	(34, 16, 4, 44, 0),
	(35, 16, 4, 45, 0),
	(36, 4, 55, 1, 0),
	(37, 8, 55, 23, 0),
	(38, 0, 89, 23, 1),
	(39, 0, 89, 23, 1),
	(40, 8, 89, 10, 0),
	(41, 0, 89, 12, 1),
	(42, 8, 89, 9, 0),
	(43, 0, 20, 23, 1),
	(44, 0, 91, 23, 1),
	(45, 0, 83, 16, 0),
	(46, 0, 83, 15, 0),
	(47, 8, 85, 16, 0),
	(48, 8, 85, 15, 0),
	(49, 8, 85, 18, 0),
	(50, 8, 85, 20, 0),
	(51, 0, 78, 23, 1),
	(52, 18, 98, 3, 0),
	(53, 24, 98, 5, 0),
	(54, 24, 98, 3, 0),
	(55, 24, 98, 5, 0),
	(56, 24, 98, 5, 0),
	(57, 8, 72, 4, 0),
	(58, 8, 72, 6, 0),
	(59, 16, 101, 16, 0),
	(60, 20, 101, 15, 0),
	(61, 0, 101, 23, 1),
	(62, 0, 8, 23, 1),
	(63, 8, 37, 27, 0),
	(64, 8, 37, 34, 0),
	(65, 0, 56, 23, 1),
	(66, 12, 58, 23, 1),
	(67, 12, 81, 27, 1),
	(68, 12, 81, 34, 1),
	(69, 12, 81, 40, 1),
	(70, 3, 100, 19, 0),
	(71, 16, 100, 21, 0),
	(72, 0, 103, 23, 1),
	(73, 0, 110, 23, 1),
	(74, 7, 65, 11, 0),
	(75, 0, 65, 10, 0),
	(76, 0, 65, 10, 0),
	(77, 0, 31, 2, 0),
	(78, 0, 31, 8, 0),
	(79, 3, 31, 18, 0),
	(80, 8, 31, 20, 0),
	(81, 0, 31, 42, 1),
	(82, 8, 32, 2, 0),
	(83, 8, 32, 8, 0),
	(84, 3, 32, 18, 0),
	(85, 8, 32, 20, 0),
	(86, 7, 32, 42, 0),
	(87, 10, 111, 1, 0),
	(88, 12, 111, 46, 0),
	(89, 12, 111, 7, 0),
	(90, 0, 112, 23, 1),
	(91, 0, 112, 19, 0),
	(92, 0, 5, 23, 1),
	(93, 8, 6, 16, 0),
	(94, 8, 6, 15, 0),
	(95, 0, 7, 23, 1),
	(96, 8, 12, 16, 0),
	(97, 8, 12, 15, 0),
	(98, 8, 25, 16, 0),
	(99, 8, 25, 16, 0),
	(100, 0, 40, 23, 1),
	(101, 0, 48, 23, 0),
	(102, 0, 49, 23, 0),
	(103, 6, 43, 4, 0),
	(104, 8, 43, 6, 0),
	(105, 0, 50, 23, 0),
	(106, 0, 52, 23, 1),
	(107, 0, 60, 23, 1),
	(108, 0, 63, 23, 0),
	(109, 11, 64, 16, 0),
	(110, 16, 64, 15, 0),
	(111, 0, 66, 23, 1),
	(112, 0, 69, 23, 1),
	(113, 0, 70, 23, 1),
	(114, 8, 71, 6, 0),
	(115, 0, 74, 23, 0),
	(116, 0, 76, 23, 0),
	(117, 0, 76, 4, 0),
	(118, 0, 76, 6, 0),
	(119, 0, 24, 23, 1),
	(120, 0, 39, 2, 0),
	(121, 0, 39, 8, 0),
	(122, 0, 39, 18, 0),
	(123, 0, 39, 20, 0),
	(124, 0, 46, 16, 0),
	(125, 0, 46, 15, 0),
	(126, 0, 46, 3, 0),
	(127, 0, 46, 5, 0),
	(128, 0, 107, 23, 1),
	(129, 14, 106, 1, 0),
	(130, 24, 106, 46, 0),
	(131, 24, 106, 46, 0),
	(132, 0, 105, 23, 1),
	(133, 0, 104, 4, 0),
	(134, 0, 104, 6, 0),
	(135, 12, 73, 46, 0),
	(136, 12, 73, 7, 0),
	(137, 8, 99, 16, 0),
	(138, 8, 99, 15, 0),
	(139, 0, 97, 23, 1),
	(140, 0, 92, 17, 0),
	(141, 0, 92, 22, 0),
	(142, 0, 117, 23, 1),
	(143, 8, 95, 12, 0),
	(144, 8, 95, 13, 0),
	(145, 8, 94, 12, 0),
	(146, 8, 94, 13, 0),
	(147, 9, 82, 4, 0),
	(148, 16, 82, 6, 0),
	(149, 15, 84, 17, 0),
	(150, 20, 84, 22, 0),
	(151, 7, 84, 23, 0),
	(152, 8, 87, 12, 0),
	(153, 8, 87, 13, 0),
	(154, 8, 87, 14, 0),
	(155, 3, 87, 23, 0),
	(156, 8, 115, 1, 0),
	(157, 8, 115, 7, 0),
	(158, 8, 115, 46, 0),
	(159, 0, 86, 23, 1),
	(160, 0, 90, 16, 0),
	(161, 0, 90, 15, 0),
	(162, 12, 93, 12, 0),
	(163, 12, 93, 13, 0),
	(164, 12, 93, 14, 0),
	(165, 40, 114, 12, 0),
	(166, 48, 114, 13, 0),
	(167, 48, 114, 14, 0),
	(168, 22, 80, 12, 0),
	(169, 24, 80, 13, 0),
	(170, 24, 80, 14, 0),
	(171, 0, 77, 23, 1),
	(172, 0, 88, 18, 0),
	(173, 0, 88, 20, 0),
	(174, 0, 88, 20, 0),
	(175, 0, 118, 23, 1),
	(176, 0, 121, 23, 1),
	(177, 8, 120, 23, 0),
	(178, 16, 108, 12, 0),
	(179, 24, 108, 13, 0),
	(180, 24, 108, 14, 0),
	(181, 0, 116, 23, 1),
	(182, 4, 79, 4, 0),
	(183, 8, 79, 6, 0),
	(184, 0, 113, 48, 0),
	(185, 0, 113, 49, 0),
	(186, 0, 122, 23, 1),
	(187, 0, 123, 23, 1),
	(188, 0, 124, 23, 1),
	(189, 12, 125, 23, 0),
	(190, 4, 125, 12, 0),
	(191, 8, 125, 13, 0),
	(192, 8, 125, 14, 0),
	(193, 0, 102, 16, 0),
	(194, 0, 102, 15, 0),
	(195, 0, 102, 12, 0),
	(196, 0, 102, 13, 0),
	(197, 0, 102, 14, 0),
	(198, 0, 127, 23, 0),
	(199, 0, 127, 3, 0),
	(200, 0, 127, 5, 0),
	(201, 0, 128, 3, 0),
	(202, 0, 128, 5, 0),
	(203, 0, 128, 23, 0),
	(204, 18, 126, 1, 0),
	(205, 20, 126, 3, 0),
	(206, 20, 126, 7, 0),
	(207, 0, 126, 23, 1),
	(208, 0, 129, 23, 1),
	(209, 0, 119, 23, 1),
	(210, 0, 135, 23, 1),
	(211, 17, 137, 3, 0),
	(212, 24, 137, 5, 0),
	(213, 24, 137, 7, 0),
	(214, 0, 138, 23, 1),
	(215, 0, 140, 23, 1),
	(216, 0, 144, 23, 1),
	(217, 8, 144, 3, 0),
	(218, 8, 144, 8, 0),
	(219, 8, 145, 11, 0),
	(220, 0, 145, 21, 0),
	(221, 0, 133, 23, 1),
	(222, 8, 147, 16, 0),
	(223, 8, 147, 15, 0),
	(224, 8, 148, 3, 0),
	(225, 8, 148, 5, 0),
	(226, 0, 149, 23, 1),
	(227, 0, 150, 23, 1),
	(228, 0, 151, 23, 1),
	(229, 22, 153, 6, 0),
	(230, 0, 153, 50, 0),
	(231, 24, 153, 7, 0),
	(232, 11, 152, 50, 0),
	(233, 12, 152, 6, 0),
	(234, 12, 152, 7, 0),
	(235, 10, 139, 19, 0),
	(236, 4, 139, 6, 0),
	(237, 0, 130, 23, 1),
	(238, 0, 146, 23, 0),
	(239, 4, 134, 1, 0),
	(240, 12, 134, 46, 0),
	(241, 12, 134, 5, 0),
	(242, 21, 159, 51, 1),
	(243, 12, 159, 51, 1),
	(244, 0, 160, 9, 0),
	(245, 0, 160, 10, 0),
	(246, 0, 160, 11, 0),
	(247, 15, 162, 1, 1),
	(248, 16, 162, 46, 1),
	(249, 0, 162, 23, 0),
	(250, 15, 164, 16, 0),
	(251, 16, 164, 15, 0),
	(252, 0, 166, 15, 0),
	(253, 10, 167, 7, 0),
	(254, 0, 167, 10, 0),
	(255, 0, 165, 23, 1),
	(256, 5, 168, 16, 0),
	(257, 8, 168, 15, 0),
	(258, 0, 169, 19, 0),
	(259, 0, 169, 21, 0),
	(260, 0, 170, 23, 1),
	(261, 8, 171, 1, 1),
	(262, 8, 171, 46, 1),
	(263, 8, 171, 7, 1),
	(264, 0, 171, 23, 0),
	(265, 0, 172, 23, 1),
	(266, 4, 174, 1, 0),
	(267, 8, 174, 46, 0),
	(268, 0, 175, 51, 1),
	(269, 6, 173, 16, 0),
	(270, 8, 173, 15, 0),
	(271, 5, 9, 16, 0),
	(272, 8, 9, 15, 0),
	(273, 8, 177, 19, 0),
	(274, 8, 177, 21, 0),
	(275, 4, 177, 42, 0),
	(276, 0, 179, 23, 1),
	(277, 4, 179, 1, 0),
	(278, 8, 179, 47, 0),
	(279, 6, 178, 16, 0),
	(280, 8, 178, 15, 0),
	(281, 5, 201, 52, 0),
	(282, 8, 201, 53, 0),
	(283, 0, 80, 11, 0),
	(284, 0, 80, 10, 0),
	(285, 0, 206, 23, 1),
	(286, 8, 206, 16, 0),
	(287, 8, 206, 15, 0),
	(288, 0, 205, 23, 1),
	(289, 4, 204, 11, 0),
	(290, 4, 203, 11, 0),
	(291, 0, 202, 23, 0),
	(292, 3, 87, 17, 0),
	(293, 8, 87, 18, 0),
	(294, 8, 87, 20, 0),
	(295, 8, 87, 22, 0),
	(296, 9, 79, 51, 0),
	(297, 3, 207, 17, 0),
	(298, 8, 207, 22, 0),
	(299, 4, 215, 3, 0),
	(300, 0, 215, 23, 1),
	(301, 4, 251, 15, 0),
	(302, 3, 251, 3, 0),
	(303, 5, 183, 16, 0),
	(304, 8, 183, 15, 0),
	(305, 9, 132, 51, 0),
	(306, 0, 252, 51, 1),
	(307, 0, 253, 23, 1),
	(308, 0, 254, 51, 1),
	(309, 0, 268, 23, 0),
	(310, 7, 269, 16, 0),
	(311, 8, 269, 15, 0),
	(312, 0, 270, 23, 1),
	(313, 4, 137, 19, 0);
/*!40000 ALTER TABLE `actividades_socios_turnos` ENABLE KEYS */;


-- Volcando estructura para tabla gym.caja_diaria
CREATE TABLE IF NOT EXISTS `caja_diaria` (
  `idMovimiento` int(11) NOT NULL AUTO_INCREMENT,
  `fecha` datetime DEFAULT NULL,
  `categoria` int(11) DEFAULT NULL,
  `concepto` varchar(255) DEFAULT NULL,
  `debe` float DEFAULT NULL,
  `haber` float DEFAULT NULL,
  `saldo` float DEFAULT NULL,
  `idFormaPago` int(11) DEFAULT NULL,
  PRIMARY KEY (`idMovimiento`),
  KEY `FK_42ne3epj5ot8ux97unoqpsq5c` (`idFormaPago`),
  CONSTRAINT `FK_42ne3epj5ot8ux97unoqpsq5c` FOREIGN KEY (`idFormaPago`) REFERENCES `formas_pago` (`idFormaPago`)
) ENGINE=InnoDB AUTO_INCREMENT=270 DEFAULT CHARSET=latin1;

-- Volcando datos para la tabla gym.caja_diaria: ~164 rows (aproximadamente)
/*!40000 ALTER TABLE `caja_diaria` DISABLE KEYS */;
INSERT INTO `caja_diaria` (`idMovimiento`, `fecha`, `categoria`, `concepto`, `debe`, `haber`, `saldo`, `idFormaPago`) VALUES
	(1, '2016-08-31 22:16:56', 1, 'Apertura de Caja', 0, 0, 0, 1),
	(2, '2016-08-31 22:25:42', 5, '30303030 - cuotas', 0, 300, 300, 1),
	(3, '2016-08-31 22:30:32', 8, 'Diferencia de Arqueo', 0, 0, 300, 1),
	(4, '2016-08-31 22:30:32', 9, 'Cierre de Caja', 0, 0, 300, 1),
	(5, '2016-08-31 23:14:31', 1, 'Apertura de Caja', 0, 0, 300, 1),
	(6, '2016-08-18 23:14:18', 5, '30303030 - CUOTA', 0, 999, 1299, 1),
	(7, '2016-08-04 03:00:00', 5, '30303030 - CUOTA', 0, 99, 1398, 1),
	(8, '2016-09-01 20:31:38', 5, '30303030 - SEPTIEMBRE COMBO ZUMBA INDOOR', 0, 350, 1748, 1),
	(9, '2016-09-01 20:38:55', 4, 'aGUA', 200, 0, 1548, 1),
	(10, '2016-09-01 20:44:07', 8, 'Diferencia de Arqueo', 0, 1912, 3460, 1),
	(11, '2016-09-01 20:44:07', 9, 'Cierre de Caja', 0, 0, 3460, 1),
	(12, '2016-09-01 20:44:39', 1, 'Apertura de Caja', 0, 0, 3460, 1),
	(13, '2016-09-01 20:45:07', 8, 'Diferencia de Arqueo', -3460, 0, 0, 1),
	(14, '2016-09-01 20:45:07', 9, 'Cierre de Caja', 0, 0, 0, 1),
	(15, '2016-09-01 20:59:58', 1, 'Apertura de Caja', 0, 0, 0, 1),
	(16, '2016-09-01 20:49:34', 5, '30303030 - CUOTA SEPON', 0, 350, 350, 1),
	(17, '2016-09-01 21:03:42', 2, 'CAMBIO', 0, 100, 450, 1),
	(18, '2016-09-01 03:00:00', 4, 'CEC', 150, 0, 300, 1),
	(19, '2016-09-01 21:10:37', 8, 'Diferencia de Arqueo', 0, 150, 450, 1),
	(20, '2016-09-01 21:10:37', 9, 'Cierre de Caja', 0, 0, 450, 1),
	(21, '2016-09-01 21:11:25', 1, 'Apertura de Caja', 0, 0, 450, 1),
	(22, '2016-09-06 20:48:06', 5, '33269525 - asignacion de pases', 0, 0, 450, 1),
	(23, '2016-09-05 03:00:00', 5, '29476388 - musculacion libre', 0, 350, 800, 1),
	(24, '2016-09-05 03:00:00', 5, '25208265 - COMBINADO X 8', 0, 330, 1130, 1),
	(25, '2016-08-03 21:59:23', 5, '43607610 - MES DE AGOSTO', 0, 350, 1480, 1),
	(26, '2016-08-23 13:11:36', 5, '23764250 - Cuota pase Libre Agosto', 0, 430, 1910, 1),
	(27, '2016-09-06 03:00:00', 3, 'retiro cuota picone', 430, 0, 1480, 1),
	(28, '2016-09-06 13:40:01', 8, 'Diferencia de Arqueo', -1353, 0, 127, 1),
	(29, '2016-09-06 13:40:01', 9, 'Cierre de Caja', 0, 0, 127, 1),
	(30, '2016-09-06 13:41:35', 1, 'Apertura de Caja', 0, 0, 127, 1),
	(31, '2016-09-01 21:38:52', 5, '38003202 - CUOTA SEPTIEMBRE', 0, 400, 527, 1),
	(32, '2016-09-01 03:00:00', 5, '37094897 - CUOTA DE SEPTIEMBRE', 0, 380, 907, 1),
	(33, '2016-09-05 03:00:00', 5, '27545759 - CUOTA DE SEPTIEMBRE', 0, 350, 1257, 1),
	(34, '2016-09-06 03:00:00', 5, '33269525 - CUOTA DE SEPTIEMBRE', 0, 350, 1607, 1),
	(35, '2016-09-06 03:00:00', 5, '38105803 - CUOTA DE SEPTIEMRE', 0, 350, 1957, 1),
	(36, '2016-09-06 12:44:24', 5, '29606574 - cuota de septiembre', 0, 330, 2287, 1),
	(37, '2016-09-06 03:00:00', 5, '17768245 - cuota de septiembre mecanico', 0, 430, 2717, 1),
	(38, '2016-09-06 13:00:40', 5, '17485042 - cuota de septiembre mecanico', 0, 480, 3197, 1),
	(39, '2016-08-01 13:11:46', 5, '39497376 - cuota de agosto', 0, 330, 3527, 1),
	(40, '2016-09-07 13:27:43', 5, '38329299 - cuota de septiembre', 0, 350, 3877, 1),
	(41, '2016-08-05 13:37:10', 5, '37523834 - cuota de agosto', 0, 350, 4227, 1),
	(42, '2016-09-02 14:00:13', 5, '25753567 - cuota de septiembre', 0, 350, 4577, 1),
	(43, '2016-08-09 00:17:36', 5, '14478614 - CUOTA DE AGOSTO', 0, 300, 4877, 1),
	(44, '2016-08-23 03:00:00', 5, '17160201 - CUOTA DE AGOSTO', 0, 400, 5277, 1),
	(45, '2016-09-07 00:48:01', 5, '24280824 - CUOTA DE SEPTIEMBRE', 0, 380, 5657, 1),
	(46, '2016-09-06 21:15:40', 5, '16576477 - cuota de septiembre', 0, 430, 6087, 1),
	(47, '2016-09-08 22:02:52', 5, '39497376 - cuota de septiembre', 0, 330, 6417, 1),
	(48, '2016-08-26 22:16:57', 5, '25451991 - cuota de agosto', 0, 350, 6767, 1),
	(49, '2016-08-11 22:21:33', 5, '39419370 - cuota de agosto', 0, 350, 7117, 1),
	(50, '2016-09-01 22:30:51', 5, '33219037 - cuota de septiembre', 0, 400, 7517, 1),
	(51, '2016-09-07 22:32:45', 5, '38329299 - cuota de septiembre', 0, 350, 7867, 1),
	(52, '2016-09-08 23:03:32', 5, '24574991 - cuota de septiembre', 0, 330, 8197, 1),
	(53, '2016-09-08 23:07:40', 5, '24574991 - cuota de septiembre', 0, 330, 8527, 1),
	(54, '2016-09-08 03:00:00', 5, '14478614 - cuota de  septiembre', 0, 300, 8827, 1),
	(55, '2016-09-08 03:00:00', 5, '33701016 - cuota de septiembre', 0, 330, 9157, 1),
	(56, '2016-09-09 00:14:53', 5, '24108698 - cuota de septiembre', 0, 450, 9607, 1),
	(57, '2016-08-17 00:20:59', 5, '37872408 - cuota de agosto', 0, 350, 9957, 1),
	(58, '2016-09-06 00:46:47', 5, '33938548 - CUOTA DE SEPTIEMBRE', 0, 330, 10287, 1),
	(59, '2016-09-06 00:48:25', 5, '27545759 - CUOTA DE SEPTIEMBRE', 0, 350, 10637, 1),
	(60, '2016-09-07 00:51:31', 5, '36985821 - CUOTA DE SEPTIEMBRE', 0, 400, 11037, 1),
	(61, '2016-09-09 13:35:19', 5, '36986532 - cuota septiembre', 0, 380, 11417, 1),
	(62, '2016-09-08 13:53:51', 5, '25858149 - cuota septiembre', 0, 330, 11747, 1),
	(63, '2016-09-08 13:55:54', 5, '24038903 - zumba x 8 septiembre', 0, 300, 12047, 1),
	(64, '2016-09-09 21:02:43', 5, '27272562 - SEPTIEMBRE (CANJE)', 0, 350, 12397, 1),
	(65, '2016-09-09 03:00:00', 5, '14844530 - cuota de septiembre', 0, 350, 12747, 1),
	(66, '2016-09-12 03:00:00', 5, '37523834 - mes septiembre', 0, 350, 13097, 1),
	(67, '2016-09-12 19:28:22', 5, '28270875 - mes de septiembre', 0, 430, 13527, 1),
	(68, '2016-09-07 00:18:40', 5, '22452890 - CUOTA DE SEPTIEMBRE', 0, 350, 13877, 1),
	(69, '2016-09-08 03:00:00', 5, '28582592 - CONCEPTO DE SEPTIEMBRE', 0, 380, 14257, 1),
	(70, '2016-09-09 00:28:35', 5, '32426815 - CUOTA DE SEPTIEMBRE', 0, 350, 14607, 1),
	(71, '2016-09-10 00:29:43', 5, '17178118 - CUOTA DE SEPTIEMBRE', 0, 380, 14987, 1),
	(72, '2016-09-13 00:33:42', 5, '38477547 - CUOTA DE SEPTIEMBRE', 0, 350, 15337, 1),
	(73, '2016-09-13 00:40:15', 5, '24877392 - CUOTA DE SEPTIEMBRE', 0, 350, 15687, 1),
	(74, '2016-09-14 23:23:22', 5, '6051275 - CUOTA DE SEPTIEMBRE', 0, 350, 16037, 1),
	(75, '2016-09-16 22:05:50', 5, '32356600 - CUOTA DE SEPTIEMBRE', 0, 380, 16417, 1),
	(76, '2016-09-16 03:00:00', 5, '40866659 - CUOTA DE SEPTIEMBRE', 0, 350, 16767, 1),
	(77, '2016-08-18 10:51:52', 5, '40662141 - Zumba x 8', 0, 300, 17067, 1),
	(78, '2016-08-16 00:00:00', 5, '27171852 - Inscripcion y Cuota', 0, 350, 17417, 1),
	(79, '2016-09-02 11:11:21', 5, '25753567 - Cuota Septiembre', 0, 350, 17767, 1),
	(80, '2016-08-04 00:00:00', 5, '38161106 - Agosto pase Libre', 0, 350, 18117, 1),
	(81, '2016-09-14 21:03:08', 5, '40572150 - CUOTA SEPTIEMBRE', 0, 330, 18447, 1),
	(82, '2016-09-12 00:00:00', 5, '38281680 - cuota de septiembre', 0, 350, 18797, 1),
	(83, '2016-09-08 21:28:30', 5, '39497376 - cuota de septiembre', 0, 330, 19127, 1),
	(84, '2016-08-08 21:29:52', 5, '39497376 - cuota de agosto', 0, 330, 19457, 1),
	(85, '2016-09-09 21:34:25', 5, '21162220 - cuota de septiembre', 0, 380, 19837, 1),
	(86, '2016-09-16 21:35:37', 5, '24147203 - cuota de septiembre', 0, 380, 20217, 1),
	(87, '2016-09-03 00:00:00', 5, '43607610 - cuota de agosto', 0, 350, 20567, 1),
	(88, '2016-09-20 18:29:30', 5, '30782195 - cuota septiembre', 0, 200, 20767, 1),
	(89, '2016-09-20 20:27:46', 5, '22123283 - cuota de septiembre', 0, 380, 21147, 1),
	(90, '2016-09-20 20:42:59', 5, '14365880 - CUOTA DE SEPTIEMBRE', 0, 350, 21497, 1),
	(91, '2016-09-21 08:47:58', 5, '27197891 - CUOTA DE SEPTIEMBRE', 0, 350, 21847, 1),
	(92, '2016-09-21 21:11:14', 5, '43607610 - cuota de septiembre', 0, 350, 22197, 1),
	(93, '2016-08-29 21:23:00', 5, '29549473 - cuota de agosto', 0, 350, 22547, 1),
	(94, '2016-08-26 00:00:00', 5, '28647840 - cuota de agosto', 0, 350, 22897, 1),
	(95, '2016-08-16 21:25:49', 5, '30734995 - cuota de agosto', 0, 300, 23197, 1),
	(96, '2016-08-16 21:29:03', 5, '43605007 - cuota de agosto', 0, 300, 23497, 1),
	(97, '2016-07-28 21:34:07', 5, '40684284 - cuota de julio', 0, 350, 23847, 1),
	(98, '2016-08-16 21:36:17', 5, '44694797 - cuota de agosto', 0, 300, 24147, 1),
	(99, '2016-09-14 18:25:39', 5, '36185620 - cuota de septiembre', 0, 380, 24527, 1),
	(100, '2016-09-16 18:49:57', 5, '37872408 - cuota de septiembre', 0, 350, 24877, 1),
	(101, '2016-09-22 19:08:08', 5, '39949519 - cuota de septiembre', 0, 240, 25117, 1),
	(102, '2016-07-19 20:55:28', 5, '34868637 - CUOTA DE JULIO', 0, 350, 25467, 1),
	(103, '2016-09-08 18:29:20', 5, '16833074 - cuota de septiembre', 0, 350, 25817, 1),
	(104, '2016-09-08 18:30:14', 5, '16833074 - cuota de septiembre', 0, 380, 26197, 1),
	(105, '2016-09-10 20:09:00', 5, '24241824 - CUOTA DE SEPTIEMBRE', 0, 350, 26547, 1),
	(106, '2016-09-12 20:10:25', 5, '37999037 - CUOTA DE SEPTIEMBRE', 0, 400, 26947, 1),
	(107, '2016-09-05 20:11:45', 5, '23966464 - cuota de septiembre', 0, 350, 27297, 1),
	(108, '2016-09-12 20:16:53', 5, '36428964 - cuota de septiembre', 0, 350, 27647, 1),
	(109, '2016-09-02 20:29:09', 5, '13494617 - cuota de septiembre', 0, 300, 27947, 1),
	(110, '2016-09-14 20:30:13', 5, '13683293 - cuota de septiembre', 0, 330, 28277, 1),
	(111, '2016-08-16 20:35:03', 5, '30771100 - cuota de agosto', 0, 300, 28577, 1),
	(112, '2016-09-14 20:40:03', 5, '27656897 - cuota de septiembre', 0, 330, 28907, 1),
	(113, '2016-09-14 20:46:15', 5, '30533981 - cuota de septiembre', 0, 350, 29257, 1),
	(114, '2016-09-10 20:47:30', 5, '21628778 - cuota de septiembre', 0, 350, 29607, 1),
	(115, '2016-09-21 20:51:07', 5, '43451976 - cuota de septiembre', 0, 350, 29957, 1),
	(116, '2016-09-08 20:59:39', 5, '1638195 - cuota de septiembre', 0, 300, 30257, 1),
	(117, '2016-09-26 20:12:38', 5, '33831323 - CUOTA DE SEPTIEMBRE', 0, 330, 30587, 1),
	(118, '2016-09-19 20:41:20', 5, '25490715 - CUOTA DE SEPTIEMBRE', 0, 350, 30937, 1),
	(119, '2016-09-27 18:31:00', 5, '37320290 - cuota de septiembre', 0, 350, 31287, 1),
	(120, '2016-09-28 09:30:55', 5, '25267308 - CUOTA DE SEPTIEMBRE', 0, 350, 31637, 1),
	(121, '2016-09-04 20:13:01', 5, '40836536 - medio mes de septiembre', 0, 215, 31852, 1),
	(122, '2016-10-03 20:29:41', 5, '42786228 - cuota de octubre', 0, 400, 32252, 1),
	(123, '2016-10-03 20:31:23', 5, '37195479 - cuota de octubre', 0, 400, 32652, 1),
	(124, '2016-10-04 21:49:26', 5, '24574991 - cuota de octubre', 0, 340, 32992, 1),
	(125, '2016-10-04 21:51:56', 5, '23966464 - cuota de octubre', 0, 380, 33372, 1),
	(126, '2016-10-04 00:00:00', 5, '40836536 - cuota de octubre', 0, 235, 33607, 1),
	(127, '2016-10-05 21:54:16', 5, '38105803 - cuota de octubre', 0, 380, 33987, 1),
	(128, '2016-09-02 09:56:42', 5, '12653839 - musculacion septiembre', 0, 350, 34337, 1),
	(129, '2016-10-04 10:09:58', 5, '12653839 - cuota octubre ', 0, 380, 34717, 1),
	(130, '2016-09-10 00:00:00', 5, '35174058 - cuota septiembre', 0, 350, 35067, 1),
	(131, '2016-10-05 00:00:00', 5, '21162220 - cuota octubre', 0, 400, 35467, 1),
	(132, '2016-10-04 00:00:00', 5, '17768245 - cuota octubre', 0, 450, 35917, 1),
	(133, '2016-09-09 00:00:00', 5, '30469221 - cuota septiembre', 0, 330, 36247, 1),
	(134, '2016-08-16 00:00:00', 5, '40574665 - cuota de agosto', 0, 380, 36627, 1),
	(135, '2016-09-20 00:00:00', 5, '40574665 - cuota seotiembre', 0, 380, 37007, 1),
	(136, '2016-09-08 00:00:00', 5, '30533895 - cuota septiembre', 0, 350, 37357, 1),
	(137, '2016-10-05 00:00:00', 5, '17178118 - cuota octubre', 0, 380, 37737, 1),
	(138, '2016-09-14 00:00:00', 5, '39419370 - cuota septiembre', 0, 300, 38037, 1),
	(139, '2016-09-06 00:00:00', 5, '37617694 - cuota septiembre', 0, 330, 38367, 1),
	(140, '2016-09-06 00:00:00', 5, '35869219 - cuota septiembre (canje susi)', 0, 380, 38747, 1),
	(141, '2016-09-09 00:00:00', 5, '34457157 - cuota septiembre', 0, 350, 39097, 1),
	(142, '2016-09-06 00:00:00', 5, '32072386 - cuota septiembre', 0, 350, 39447, 1),
	(143, '2016-09-12 00:00:00', 5, '18174737 - cupta septiembre', 0, 330, 39777, 1),
	(144, '2016-10-03 00:00:00', 5, '29476388 - cuota octubre ', 0, 380, 40157, 1),
	(145, '2016-10-06 19:04:32', 5, '25858149 - cuota octubre', 0, 350, 40507, 1),
	(146, '2016-10-05 00:00:00', 5, '16576477 - cuota octubre', 0, 450, 40957, 1),
	(147, '2016-10-04 00:00:00', 5, '17485042 - cuota octubre', 0, 500, 41457, 1),
	(148, '2016-09-10 19:22:21', 5, '32426969 - cuota de octubre', 0, 200, 41657, 1),
	(149, '2016-09-15 19:27:39', 5, '24946804 - cuota de septiembre', 0, 330, 41987, 1),
	(150, '2016-03-26 19:48:14', 5, '35667201 - cuota de marzo', 0, 350, 42337, 1),
	(151, '2016-09-13 20:17:17', 5, '22564139 - cuota de septiembre', 0, 330, 42667, 1),
	(152, '2016-09-12 20:19:35', 5, '16654626 - cuota de septiembre', 0, 380, 43047, 1),
	(153, '2016-09-19 00:00:00', 5, '40572224 - cuota de septiembre', 0, 300, 43347, 1),
	(154, '2016-09-05 20:27:20', 5, '32426840 - cuota de septiembre', 0, 350, 43697, 1),
	(155, '2016-10-07 20:34:14', 5, '38105803 - cuota de septiembre', 0, 380, 44077, 1),
	(156, '2016-10-03 21:15:34', 5, '13457971 - cuota de octubre', 0, 400, 44477, 1),
	(157, '2016-09-06 00:00:00', 5, '38161106 - cuota de septiembre', 0, 350, 44827, 1),
	(158, '2016-10-06 21:19:29', 5, '38161106 - cuota de octubre', 0, 380, 45207, 1),
	(159, '2016-09-20 00:00:00', 5, '24316925 - cuota septiembre', 0, 350, 45557, 1),
	(160, '2016-09-20 00:00:00', 5, '24316925 - cuota septiembre', 0, 350, 45907, 1),
	(161, '2016-10-07 10:54:37', 5, '33117185 - cuota septimebre', 0, 350, 46257, 1),
	(162, '2016-10-07 15:30:31', 5, '37523834 - cuotas octubre', 0, 380, 46637, 1),
	(163, '2016-10-07 17:23:39', 5, '36985821 - cuota octubre', 0, 380, 47017, 1),
	(164, '2016-10-07 18:04:45', 5, '38003202 - cuota de octubre', 0, 400, 47417, 1),
	(165, '2016-09-14 18:13:19', 5, '2457499 - cuota de septiembre', 0, 330, 47747, 1),
	(166, '2016-09-19 18:37:41', 5, '43229435 - cuota de septiembre', 0, 300, 48047, 1),
	(167, '2016-09-16 00:00:00', 5, '40108857 - CUOTA DE SEPTIEMBRE', 0, 400, 48447, 1),
	(168, '2016-09-08 19:45:37', 5, '30533890 - CUOTA DE SEPTIEMBRE', 0, 300, 48747, 1),
	(169, '2016-10-07 19:55:21', 5, '25753567 - CUOTA OCTUBRE', 0, 350, 49097, 1),
	(170, '2016-10-07 20:20:51', 5, '28391526 - CUOTA OCTUBRE', 0, 380, 49477, 1),
	(171, '2016-10-07 21:15:02', 5, '33269525 - CUOTA DE OCTUBRE', 0, 380, 49857, 1),
	(172, '2016-09-27 21:17:39', 5, '10333767 - CUOTA DE SEPTIEMBRE', 0, 120, 49977, 1),
	(173, '2016-10-07 21:27:43', 5, '36478805 - CUOTA DE OCTUBRE', 0, 350, 50327, 1),
	(174, '2016-10-08 12:03:07', 5, '37999037 - cuota octubre', 0, 450, 50777, 1),
	(175, '2016-10-11 17:25:17', 5, '24241824 - cuota octubre', 0, 450, 51227, 1),
	(176, '2016-10-11 17:41:29', 5, '30533895 - cuota octubre', 0, 380, 51607, 1),
	(177, '2016-10-11 17:44:31', 5, '14844530 - cuota octubre', 0, 380, 51987, 1),
	(178, '2016-10-11 17:59:51', 8, 'Diferencia de Arqueo', -51487, 0, 107, 1),
	(179, '2016-10-11 17:59:51', 9, 'Cierre de Caja', 0, 0, 107, 1),
	(180, '2016-10-11 18:01:21', 1, 'Apertura de Caja', 0, 0, 107, 1),
	(181, '2016-10-11 19:08:07', 5, '32356600 - CUOTA DE OCTUBRE', 0, 380, 487, 1),
	(182, '2016-10-11 19:10:10', 5, '32072386 - CUOTA DE OCTUBRE', 0, 380, 867, 1),
	(183, '2016-10-11 19:13:04', 5, '32492605 - CUOTA DE OCTUBRE', 0, 380, 1247, 1),
	(184, '2016-10-06 20:08:22', 5, '24108698 - CUOTA DE OCTUBRE', 0, 430, 1677, 1),
	(185, '2016-10-06 00:00:00', 5, '30533890 - CUOTA DE OCTUBRE', 0, 300, 1977, 1),
	(186, '2016-10-11 20:15:54', 5, '33916876 - CUOTA DE OCTUBRE', 0, 350, 2327, 1),
	(187, '2016-09-27 20:46:32', 5, '29259132 - CUOTA DE SEPTIEMBRE', 0, 330, 2657, 1),
	(188, '2016-10-11 21:38:23', 5, '24147203 - CUOTA DE SEPTIEMBRE', 0, 700, 3357, 1),
	(189, '2016-10-06 00:00:00', 5, '41265045 - cuota de octubre', 0, 380, 3737, 1),
	(190, '2016-10-12 18:43:51', 5, '36428964 - cuota octubre', 0, 380, 4117, 1),
	(191, '2016-10-12 20:04:20', 5, '27272562 - cuota de octubre', 0, 380, 4497, 1),
	(192, '2016-10-12 21:02:34', 5, '35959735 - cuota de octubre', 0, 350, 4847, 1),
	(193, '2016-10-12 00:00:00', 5, '35212024 - cuota octubre', 0, 380, 5227, 1),
	(194, '2016-09-27 00:00:00', 5, '24562379 - cuota septiembre', 0, 330, 5557, 1),
	(195, '2016-10-04 00:00:00', 5, '32281736 - cuota octubre', 0, 350, 5907, 1),
	(196, '2016-10-07 00:00:00', 5, '22313756 - cuota octubre', 0, 450, 6357, 1),
	(197, '2016-10-13 00:00:00', 5, '32426840 - cuota octubre', 0, 380, 6737, 1),
	(198, '2016-10-13 17:18:27', 5, '34457157 - cuota', 0, 380, 7117, 1),
	(199, '2016-10-13 20:10:50', 5, '13494617 - cuota de octubre', 0, 350, 7467, 1),
	(200, '2016-10-13 20:37:43', 5, '36185624 - CUOTA DE OCTUBRE', 0, 380, 7847, 1),
	(201, '2016-10-05 20:42:07', 5, '23873663 - CUOTA DE OCTUBRE', 0, 450, 8297, 1),
	(202, '2016-10-04 20:45:54', 5, '27670162 - CUOTA DE OCTUBRE', 0, 350, 8647, 1),
	(203, '2016-10-13 21:05:11', 5, '24946804 - CUOTA DE OCTUB RE', 0, 330, 8977, 1),
	(204, '2016-10-13 21:11:55', 5, '37617694 - CUOTA DE OCTUBRE', 0, 350, 9327, 1),
	(205, '2016-10-14 10:01:31', 5, '36986532 - cuota octubre', 0, 380, 9707, 1),
	(206, '2016-10-17 08:24:11', 5, '25794040 - cuota octubre', 0, 350, 10057, 1),
	(207, '2016-10-17 10:09:28', 5, '25208265 - cuota octubre', 0, 350, 10407, 1),
	(208, '2016-10-17 10:10:30', 5, '38329299 - cuota octubre', 0, 380, 10787, 1),
	(209, '2016-10-17 10:11:15', 5, '28582592 - cuota octubre', 0, 380, 11167, 1),
	(210, '2016-10-17 10:12:02', 5, '24316925 - cuota octubre', 0, 380, 11547, 1),
	(211, '2016-08-30 00:00:00', 5, '37615935 - cuota de septiembre', 0, 300, 11847, 1),
	(212, '2016-10-17 17:08:28', 5, '37615935 - cuota octubre', 0, 380, 12227, 1),
	(213, '2016-10-12 00:00:00', 5, '16654626 - cuota octubre', 0, 380, 12607, 1),
	(214, '2016-10-17 20:28:46', 5, '30566987 - cuota de octubre', 0, 450, 13057, 1),
	(215, '2016-10-17 20:31:52', 5, '37523876 - cuota de octubre', 0, 380, 13437, 1),
	(216, '2016-10-17 20:35:30', 5, '20404833 - cuota de octubre', 0, 200, 13637, 3),
	(217, '2016-10-03 00:00:00', 5, '10957038 - cuota de octubre', 0, 200, 13837, 1),
	(218, '2016-10-17 20:48:42', 5, '35440786 - cuota de octubre', 0, 380, 14217, 1),
	(219, '2016-10-18 15:06:23', 5, '40574665 - cuota octubre', 0, 350, 14567, 1),
	(220, '2016-10-18 16:23:35', 5, '22564139 - cuota octubre', 0, 450, 15017, 1),
	(221, '2016-10-18 16:47:44', 5, '25246889 - cuota octubre', 0, 350, 15367, 1),
	(222, '2016-10-18 18:13:26', 5, '27545759 - cuota de octubre', 0, 200, 15567, 1),
	(223, '2016-10-18 19:35:19', 5, '23840421 - cuota de octubre', 0, 380, 15947, 1),
	(224, '2016-10-17 09:13:55', 5, '37872408 - cuota de octubre', 0, 380, 16327, 1),
	(225, '2016-10-19 17:57:11', 5, '13683293 - cuota', 0, 350, 16677, 1),
	(226, '2016-10-19 00:00:00', 5, '25490715 - CUOTA DE OCTUBRE', 0, 380, 17057, 1),
	(227, '2016-10-20 20:11:46', 5, '40572150 - cuota de octubre', 0, 350, 17407, 1),
	(228, '2016-10-20 20:15:02', 5, '17768278 - cuota de octubre', 0, 350, 17757, 1),
	(229, '2016-10-20 20:17:49', 5, '14478614 - cuota de octubre', 0, 300, 18057, 1),
	(230, '2016-10-20 20:20:24', 5, '22602692 - ccuota de octubre', 0, 350, 18407, 1),
	(231, '2016-10-21 08:33:11', 5, '40835597 - cuota septiembre y octubre', 0, 550, 18957, 1),
	(232, '2016-10-21 10:47:46', 5, '27197891 - cuota octubre', 0, 380, 19337, 1),
	(233, '2016-10-24 09:49:20', 5, '26642472 - cuota octubre', 0, 450, 19787, 1),
	(234, '2016-10-24 18:46:11', 5, '33117185 - cuota octubre', 0, 380, 20167, 1),
	(235, '2016-10-24 20:14:05', 5, '36621398 - cuota e octubre', 0, 380, 20547, 1),
	(236, '2016-10-24 00:00:00', 5, '40108857 - cuota de octubre', 0, 400, 20947, 1),
	(237, '2016-10-25 20:07:21', 5, '30734995 - cuota de octubre', 0, 350, 21297, 1),
	(238, '2016-10-26 00:00:00', 5, '37872599 - cuota de octubre', 0, 380, 21677, 1),
	(239, '2016-10-03 19:59:37', 5, '16833074 - cuota de octubre', 0, 400, 22077, 1),
	(240, '2016-10-27 21:14:17', 5, '28115258 - cuota de octubre', 0, 350, 22427, 1),
	(241, '2016-10-28 18:19:25', 5, '17160201 - cuota de octubre', 0, 500, 22927, 1),
	(242, '2016-10-31 08:59:30', 5, '43451967 - cuota octubre-noviembre', 0, 380, 23307, 1),
	(243, '2016-10-01 21:18:39', 5, '27545759 - cuota e noviembre', 0, 380, 23687, 1),
	(244, '2016-11-01 18:05:38', 5, '25950794 - cuota de octubre', 0, 380, 24067, 1),
	(245, '2016-11-01 19:09:39', 5, '22123283 - cuota de octubre', 0, 450, 24517, 1),
	(246, '2016-11-02 21:38:08', 5, '17768245 - cuota de octubre', 0, 450, 24967, 1),
	(247, '2016-11-02 21:40:02', 5, '17485042 - cuota de octubre', 0, 500, 25467, 1),
	(248, '2016-11-02 21:44:20', 5, '24108698 - cuota de octubre', 0, 450, 25917, 1),
	(249, '2016-11-02 21:46:07', 5, '17178118 - cuota de octubre', 0, 380, 26297, 1),
	(250, '2016-11-02 21:47:22', 5, '40836536 - cuota de octubre', 0, 450, 26747, 1),
	(251, '2016-11-03 17:45:26', 5, '12361723 - cuota', 0, 500, 27247, 1),
	(252, '2016-11-03 19:03:20', 5, '38003202 - cuota de octubre', 0, 380, 27627, 1),
	(253, '2016-11-03 20:10:25', 5, '38161106 - cuota de noviembre', 0, 380, 28007, 1),
	(254, '2016-11-03 21:04:40', 5, '24574991 - cuota de noviembre', 0, 350, 28357, 1),
	(255, '2016-10-20 00:00:00', 5, '29606574 - cuota de octubre', 0, 350, 28707, 1),
	(256, '2016-11-04 09:45:03', 5, '25753567 - cuota noviembre', 0, 350, 29057, 1),
	(257, '2016-11-04 09:46:47', 5, '27197891 - cuopta adel diciembre', 0, 380, 29437, 1),
	(258, '2016-11-04 20:07:04', 5, '37195479 - cuota de noviembre', 0, 380, 29817, 1),
	(259, '2016-11-04 20:08:17', 5, '42786228 - cuota de noviembre', 0, 380, 30197, 1),
	(260, '2016-11-04 20:53:58', 5, '36478805 - cuota de noviembre', 0, 350, 30547, 1),
	(261, '2016-11-04 20:55:15', 5, '28391526 - cuota de noviembre', 0, 380, 30927, 1),
	(262, '2016-11-07 09:17:26', 5, '23966464 - cuota noviembre', 0, 380, 31307, 1),
	(263, '2016-11-07 10:35:40', 5, '23966464 - cuota noviembre', 0, 380, 31687, 1),
	(264, '2016-11-07 17:39:26', 5, '16576477 - cuota de noviembre', 0, 450, 32137, 1),
	(265, '2016-11-07 18:03:07', 5, '17178118 - cuota de noviembre', 0, 380, 32517, 1),
	(266, '2016-11-07 18:14:42', 9, 'Cierre de Caja', 0, 0, 0, 1),
	(267, '2016-11-07 18:55:59', 1, 'Apertura de Caja', 0, 0, 0, 1),
	(268, '2016-11-07 18:55:39', 5, '36985821 - cuota noviembre', 0, 380, 380, 1),
	(269, '2016-11-07 19:20:19', 5, '32492605 - cuota', 0, 450, 830, 1);
/*!40000 ALTER TABLE `caja_diaria` ENABLE KEYS */;


-- Volcando estructura para tabla gym.cuotas_registros
CREATE TABLE IF NOT EXISTS `cuotas_registros` (
  `idRegistro` int(11) NOT NULL AUTO_INCREMENT,
  `fecha` datetime DEFAULT NULL,
  `importe` float DEFAULT NULL,
  `observaciones` varchar(255) DEFAULT NULL,
  `idSocio` int(11) DEFAULT NULL,
  `idFormaPago` int(11) DEFAULT NULL,
  PRIMARY KEY (`idRegistro`),
  KEY `FK_i5ft4h1u8xmc48moou7l3d3o6` (`idSocio`),
  KEY `FK_cwadv5rbclh57sh0s6m6i59ro` (`idFormaPago`),
  CONSTRAINT `FK_cwadv5rbclh57sh0s6m6i59ro` FOREIGN KEY (`idFormaPago`) REFERENCES `formas_pago` (`idFormaPago`),
  CONSTRAINT `FK_i5ft4h1u8xmc48moou7l3d3o6` FOREIGN KEY (`idSocio`) REFERENCES `socios` (`idSocio`)
) ENGINE=InnoDB AUTO_INCREMENT=238 DEFAULT CHARSET=latin1;

-- Volcando datos para la tabla gym.cuotas_registros: ~129 rows (aproximadamente)
/*!40000 ALTER TABLE `cuotas_registros` DISABLE KEYS */;
INSERT INTO `cuotas_registros` (`idRegistro`, `fecha`, `importe`, `observaciones`, `idSocio`, `idFormaPago`) VALUES
	(1, '2016-09-05 03:00:00', 350, 'musculacion libre', 33, 1),
	(2, '2016-09-05 03:00:00', 330, 'COMBINADO X 8', 34, 1),
	(3, '2016-08-03 21:59:23', 350, 'MES DE AGOSTO', 29, 1),
	(4, '2016-08-23 13:11:36', 430, 'Cuota pase Libre Agosto', 1, 1),
	(5, '2016-09-01 21:38:52', 400, 'CUOTA SEPTIEMBRE', 36, 1),
	(6, '2016-09-01 03:00:00', 380, 'CUOTA DE SEPTIEMBRE', 53, 1),
	(7, '2016-09-05 03:00:00', 350, 'CUOTA DE SEPTIEMBRE', 56, 1),
	(8, '2016-09-06 03:00:00', 350, 'CUOTA DE SEPTIEMBRE', 30, 1),
	(9, '2016-09-06 03:00:00', 350, 'CUOTA DE SEPTIEMRE', 61, 1),
	(10, '2016-09-06 12:44:24', 330, 'cuota de septiembre', 71, 1),
	(11, '2016-09-06 03:00:00', 430, 'cuota de septiembre mecanico', 67, 1),
	(12, '2016-09-06 13:00:40', 480, 'cuota de septiembre mecanico', 68, 1),
	(13, '2016-08-01 13:11:46', 330, 'cuota de agosto', 38, 1),
	(14, '2016-09-07 13:27:43', 350, 'cuota de septiembre', 78, 1),
	(15, '2016-08-05 13:37:10', 350, 'cuota de agosto', 66, 1),
	(16, '2016-09-02 14:00:13', 350, 'cuota de septiembre', 14, 1),
	(17, '2016-08-09 00:17:36', 300, 'CUOTA DE AGOSTO', 27, 1),
	(18, '2016-08-23 03:00:00', 400, 'CUOTA DE AGOSTO', 4, 1),
	(19, '2016-09-07 00:48:01', 380, 'CUOTA DE SEPTIEMBRE', 55, 1),
	(20, '2016-09-06 21:15:40', 430, 'cuota de septiembre', 89, 1),
	(21, '2016-09-08 22:02:52', 330, 'cuota de septiembre', 38, 1),
	(22, '2016-08-26 22:16:57', 350, 'cuota de agosto', 20, 1),
	(23, '2016-08-11 22:21:33', 350, 'cuota de agosto', 91, 1),
	(24, '2016-09-01 22:30:51', 400, 'cuota de septiembre', 85, 1),
	(25, '2016-09-07 22:32:45', 350, 'cuota de septiembre', 78, 1),
	(26, '2016-09-08 23:03:32', 330, 'cuota de septiembre', 98, 1),
	(27, '2016-09-08 23:07:40', 330, 'cuota de septiembre', 98, 1),
	(28, '2016-09-08 03:00:00', 300, 'cuota de  septiembre', 27, 1),
	(29, '2016-09-08 03:00:00', 330, 'cuota de septiembre', 72, 1),
	(30, '2016-09-09 00:14:53', 450, 'cuota de septiembre', 101, 1),
	(31, '2016-08-17 00:20:59', 350, 'cuota de agosto', 8, 1),
	(32, '2016-09-06 00:46:47', 330, 'CUOTA DE SEPTIEMBRE', 37, 1),
	(33, '2016-09-06 00:48:25', 350, 'CUOTA DE SEPTIEMBRE', 56, 1),
	(34, '2016-09-07 00:51:31', 400, 'CUOTA DE SEPTIEMBRE', 58, 1),
	(35, '2016-09-09 13:35:19', 380, 'cuota septiembre', 81, 1),
	(36, '2016-09-08 13:53:51', 330, 'cuota septiembre', 100, 1),
	(37, '2016-09-08 13:55:54', 300, 'zumba x 8 septiembre', 83, 1),
	(38, '2016-09-09 21:02:43', 350, 'SEPTIEMBRE (CANJE)', 103, 1),
	(39, '2016-09-09 03:00:00', 350, 'cuota de septiembre', 110, 1),
	(40, '2016-09-12 03:00:00', 350, 'mes septiembre', 66, 1),
	(41, '2016-09-12 19:28:22', 430, 'mes de septiembre', 39, 1),
	(42, '2016-09-07 00:18:40', 350, 'CUOTA DE SEPTIEMBRE', 77, 1),
	(43, '2016-09-08 03:00:00', 380, 'CONCEPTO DE SEPTIEMBRE', 84, 1),
	(44, '2016-09-09 00:28:35', 350, 'CUOTA DE SEPTIEMBRE', 86, 1),
	(45, '2016-09-10 00:29:43', 380, 'CUOTA DE SEPTIEMBRE', 114, 1),
	(46, '2016-09-13 00:33:42', 350, 'CUOTA DE SEPTIEMBRE', 118, 1),
	(47, '2016-09-13 00:40:15', 350, 'CUOTA DE SEPTIEMBRE', 105, 1),
	(48, '2016-09-14 23:23:22', 350, 'CUOTA DE SEPTIEMBRE', 123, 1),
	(49, '2016-09-16 22:05:50', 380, 'CUOTA DE SEPTIEMBRE', 108, 1),
	(50, '2016-09-16 03:00:00', 350, 'CUOTA DE SEPTIEMBRE', 129, 1),
	(51, '2016-08-18 10:51:52', 300, 'Zumba x 8', 6, 1),
	(52, '2016-08-16 00:00:00', 350, 'Inscripcion y Cuota', 7, 1),
	(53, '2016-09-02 11:11:21', 350, 'Cuota Septiembre', 23, 1),
	(54, '2016-08-04 00:00:00', 350, 'Agosto pase Libre', 69, 1),
	(55, '2016-09-14 21:03:08', 330, 'CUOTA SEPTIEMBRE', 112, 1),
	(56, '2016-09-12 00:00:00', 350, 'cuota de septiembre', 119, 1),
	(57, '2016-09-08 21:28:30', 330, 'cuota de septiembre', 38, 1),
	(58, '2016-08-08 21:29:52', 330, 'cuota de agosto', 38, 1),
	(59, '2016-09-09 21:34:25', 380, 'cuota de septiembre', 111, 1),
	(60, '2016-09-16 21:35:37', 380, 'cuota de septiembre', 126, 1),
	(61, '2016-09-03 00:00:00', 350, 'cuota de agosto', 29, 1),
	(62, '2016-09-20 20:27:46', 380, 'cuota de septiembre', 137, 1),
	(63, '2016-09-20 20:42:59', 350, 'CUOTA DE SEPTIEMBRE', 138, 1),
	(64, '2016-09-21 08:47:58', 350, 'CUOTA DE SEPTIEMBRE', 140, 1),
	(65, '2016-09-21 21:11:14', 350, 'cuota de septiembre', 29, 1),
	(66, '2016-08-29 21:23:00', 350, 'cuota de agosto', 3, 1),
	(67, '2016-08-26 00:00:00', 350, 'cuota de agosto', 5, 1),
	(68, '2016-08-16 21:25:49', 300, 'cuota de agosto', 9, 1),
	(69, '2016-08-16 21:29:03', 300, 'cuota de agosto', 12, 1),
	(70, '2016-07-28 21:34:07', 350, 'cuota de julio', 22, 1),
	(71, '2016-08-16 21:36:17', 300, 'cuota de agosto', 25, 1),
	(72, '2016-09-14 18:25:39', 380, 'cuota de septiembre', 144, 1),
	(73, '2016-09-16 18:49:57', 350, 'cuota de septiembre', 8, 1),
	(74, '2016-09-22 19:08:08', 240, 'cuota de septiembre', 145, 1),
	(75, '2016-07-19 20:55:28', 350, 'CUOTA DE JULIO', 40, 1),
	(76, '2016-09-08 18:29:20', 350, 'cuota de septiembre', 106, 1),
	(77, '2016-09-08 18:30:14', 380, 'cuota de septiembre', 106, 1),
	(78, '2016-09-10 20:09:00', 350, 'CUOTA DE SEPTIEMBRE', 31, 1),
	(79, '2016-09-12 20:10:25', 400, 'CUOTA DE SEPTIEMBRE', 32, 1),
	(80, '2016-09-05 20:11:45', 350, 'cuota de septiembre', 35, 1),
	(81, '2016-09-12 20:16:53', 350, 'cuota de septiembre', 52, 1),
	(82, '2016-09-02 20:29:09', 300, 'cuota de septiembre', 64, 1),
	(83, '2016-09-14 20:30:13', 330, 'cuota de septiembre', 65, 1),
	(84, '2016-08-16 20:35:03', 300, 'cuota de agosto', 99, 1),
	(85, '2016-09-14 20:40:03', 330, 'cuota de septiembre', 120, 1),
	(86, '2016-09-14 20:46:15', 350, 'cuota de septiembre', 121, 1),
	(87, '2016-09-10 20:47:30', 350, 'cuota de septiembre', 122, 1),
	(88, '2016-09-21 20:51:07', 350, 'cuota de septiembre', 133, 1),
	(89, '2016-09-08 20:59:39', 300, 'cuota de septiembre', 147, 1),
	(90, '2016-09-26 20:12:38', 330, 'CUOTA DE SEPTIEMBRE', 148, 1),
	(91, '2016-09-19 20:41:20', 350, 'CUOTA DE SEPTIEMBRE', 149, 1),
	(92, '2016-09-27 18:31:00', 350, 'cuota de septiembre', 150, 1),
	(93, '2016-09-28 09:30:55', 350, 'CUOTA DE SEPTIEMBRE', 151, 1),
	(94, '2016-09-04 20:13:01', 215, 'medio mes de septiembre', 125, 1),
	(95, '2016-10-03 20:29:41', 400, 'cuota de octubre', 153, 1),
	(96, '2016-10-03 20:31:23', 400, 'cuota de octubre', 152, 1),
	(97, '2016-10-04 21:49:26', 340, 'cuota de octubre', 98, 1),
	(98, '2016-10-04 21:51:56', 380, 'cuota de octubre', 35, 1),
	(99, '2016-10-04 00:00:00', 235, 'cuota de octubre', 125, 1),
	(100, '2016-10-05 21:54:16', 380, 'cuota de octubre', 61, 1),
	(101, '2016-09-02 09:56:42', 350, 'musculacion septiembre', 124, 1),
	(102, '2016-10-04 10:09:58', 380, 'cuota octubre ', 124, 1),
	(103, '2016-09-10 00:00:00', 350, 'cuota septiembre', 97, 1),
	(104, '2016-10-05 00:00:00', 400, 'cuota octubre', 111, 1),
	(105, '2016-10-04 00:00:00', 450, 'cuota octubre', 67, 1),
	(106, '2016-09-09 00:00:00', 330, 'cuota septiembre', 104, 1),
	(107, '2016-08-16 00:00:00', 380, 'cuota de agosto', 87, 1),
	(108, '2016-09-20 00:00:00', 380, 'cuota seotiembre', 87, 1),
	(109, '2016-09-08 00:00:00', 350, 'cuota septiembre', 107, 1),
	(110, '2016-10-05 00:00:00', 380, 'cuota octubre', 114, 1),
	(111, '2016-09-14 00:00:00', 300, 'cuota septiembre', 91, 1),
	(112, '2016-09-06 00:00:00', 330, 'cuota septiembre', 139, 1),
	(113, '2016-09-06 00:00:00', 380, 'cuota septiembre (canje susi)', 93, 1),
	(114, '2016-09-09 00:00:00', 350, 'cuota septiembre', 130, 1),
	(115, '2016-09-06 00:00:00', 350, 'cuota septiembre', 117, 1),
	(116, '2016-09-12 00:00:00', 330, 'cupta septiembre', 115, 1),
	(117, '2016-10-03 00:00:00', 380, 'cuota octubre ', 33, 1),
	(118, '2016-10-06 19:04:32', 350, 'cuota octubre', 100, 1),
	(119, '2016-10-05 00:00:00', 450, 'cuota octubre', 89, 1),
	(120, '2016-10-04 00:00:00', 500, 'cuota octubre', 68, 1),
	(121, '2016-09-10 19:22:21', 200, 'cuota de octubre', 60, 1),
	(122, '2016-09-15 19:27:39', 330, 'cuota de septiembre', 82, 1),
	(123, '2016-03-26 19:48:14', 350, 'cuota de marzo', 43, 1),
	(124, '2016-09-13 20:17:17', 330, 'cuota de septiembre', 79, 1),
	(125, '2016-09-12 20:19:35', 380, 'cuota de septiembre', 80, 1),
	(126, '2016-09-19 00:00:00', 300, 'cuota de septiembre', 95, 1),
	(127, '2016-09-05 20:27:20', 350, 'cuota de septiembre', 70, 1),
	(128, '2016-10-07 20:34:14', 380, 'cuota de septiembre', 61, 1),
	(129, '2016-10-03 21:15:34', 400, 'cuota de octubre', 134, 1),
	(130, '2016-09-06 00:00:00', 350, 'cuota de septiembre', 69, 1),
	(131, '2016-10-06 21:19:29', 380, 'cuota de octubre', 69, 1),
	(132, '2016-09-20 00:00:00', 350, 'cuota septiembre', 159, 1),
	(133, '2016-09-20 00:00:00', 350, 'cuota septiembre', 159, 1),
	(134, '2016-10-07 10:54:37', 350, 'cuota septimebre', 135, 1),
	(135, '2016-10-07 15:30:31', 380, 'cuotas octubre', 66, 1),
	(136, '2016-10-07 17:23:39', 380, 'cuota octubre', 58, 1),
	(137, '2016-10-07 18:04:45', 400, 'cuota de octubre', 36, 1),
	(138, '2016-09-14 18:13:19', 330, 'cuota de septiembre', 73, 1),
	(139, '2016-09-19 18:37:41', 300, 'cuota de septiembre', 94, 1),
	(140, '2016-09-16 00:00:00', 400, 'CUOTA DE SEPTIEMBRE', 162, 1),
	(141, '2016-09-08 19:45:37', 300, 'CUOTA DE SEPTIEMBRE', 164, 1),
	(142, '2016-10-07 19:55:21', 350, 'CUOTA OCTUBRE', 23, 1),
	(143, '2016-10-07 20:20:51', 380, 'CUOTA OCTUBRE', 116, 1),
	(144, '2016-10-07 21:15:02', 380, 'CUOTA DE OCTUBRE', 30, 1),
	(145, '2016-09-27 21:17:39', 120, 'CUOTA DE SEPTIEMBRE', 166, 1),
	(146, '2016-10-07 21:27:43', 350, 'CUOTA DE OCTUBRE', 167, 1),
	(147, '2016-10-08 12:03:07', 450, 'cuota octubre', 32, 1),
	(148, '2016-10-11 17:25:17', 450, 'cuota octubre', 31, 1),
	(149, '2016-10-11 17:41:29', 380, 'cuota octubre', 107, 1),
	(150, '2016-10-11 17:44:31', 380, 'cuota octubre', 110, 1),
	(151, '2016-10-11 19:08:07', 380, 'CUOTA DE OCTUBRE', 108, 1),
	(152, '2016-10-11 19:10:10', 380, 'CUOTA DE OCTUBRE', 117, 1),
	(153, '2016-10-11 19:13:04', 380, 'CUOTA DE OCTUBRE', 165, 1),
	(154, '2016-10-06 20:08:22', 430, 'CUOTA DE OCTUBRE', 101, 1),
	(155, '2016-10-06 00:00:00', 300, 'CUOTA DE OCTUBRE', 164, 1),
	(156, '2016-10-11 20:15:54', 350, 'CUOTA DE OCTUBRE', 168, 1),
	(157, '2016-09-27 20:46:32', 330, 'CUOTA DE SEPTIEMBRE', 169, 1),
	(158, '2016-10-11 21:38:23', 700, 'CUOTA DE SEPTIEMBRE', 126, 1),
	(159, '2016-10-06 00:00:00', 380, 'cuota de octubre', 170, 1),
	(160, '2016-10-12 18:43:51', 380, 'cuota octubre', 52, 1),
	(161, '2016-10-12 20:04:20', 380, 'cuota de octubre', 103, 1),
	(162, '2016-10-12 21:02:34', 350, 'cuota de octubre', 172, 1),
	(163, '2016-10-12 00:00:00', 380, 'cuota octubre', 175, 1),
	(164, '2016-09-27 00:00:00', 330, 'cuota septiembre', 161, 1),
	(165, '2016-10-04 00:00:00', 350, 'cuota octubre', 173, 1),
	(166, '2016-10-07 00:00:00', 450, 'cuota octubre', 171, 1),
	(167, '2016-10-13 00:00:00', 380, 'cuota octubre', 70, 1),
	(168, '2016-10-13 17:18:27', 380, 'cuota', 130, 1),
	(169, '2016-10-13 20:10:50', 350, 'cuota de octubre', 64, 1),
	(170, '2016-10-13 20:37:43', 380, 'CUOTA DE OCTUBRE', 177, 1),
	(171, '2016-10-05 20:42:07', 450, 'CUOTA DE OCTUBRE', 179, 1),
	(172, '2016-10-04 20:45:54', 350, 'CUOTA DE OCTUBRE', 178, 1),
	(173, '2016-10-13 21:05:11', 330, 'CUOTA DE OCTUB RE', 82, 1),
	(174, '2016-10-13 21:11:55', 350, 'CUOTA DE OCTUBRE', 139, 1),
	(175, '2016-10-14 10:01:31', 380, 'cuota octubre', 81, 1),
	(176, '2016-10-17 08:24:11', 350, 'cuota octubre', 201, 1),
	(177, '2016-10-17 10:09:28', 350, 'cuota octubre', 34, 1),
	(178, '2016-10-17 10:10:30', 380, 'cuota octubre', 78, 1),
	(179, '2016-10-17 10:11:15', 380, 'cuota octubre', 84, 1),
	(180, '2016-10-17 10:12:02', 380, 'cuota octubre', 159, 1),
	(181, '2016-08-30 00:00:00', 300, 'cuota de septiembre', 13, 1),
	(182, '2016-10-17 17:08:28', 380, 'cuota octubre', 13, 1),
	(183, '2016-10-12 00:00:00', 380, 'cuota octubre', 80, 1),
	(184, '2016-10-17 20:28:46', 450, 'cuota de octubre', 206, 1),
	(185, '2016-10-17 20:31:52', 380, 'cuota de octubre', 205, 1),
	(186, '2016-10-17 20:35:30', 200, 'cuota de octubre', 204, 3),
	(187, '2016-10-03 00:00:00', 200, 'cuota de octubre', 203, 1),
	(188, '2016-10-17 20:48:42', 380, 'cuota de octubre', 202, 1),
	(189, '2016-10-18 15:06:23', 350, 'cuota octubre', 87, 1),
	(190, '2016-10-18 16:23:35', 450, 'cuota octubre', 79, 1),
	(191, '2016-10-18 16:47:44', 350, 'cuota octubre', 207, 1),
	(192, '2016-10-18 18:13:26', 200, 'cuota de octubre', 56, 1),
	(193, '2016-10-18 19:35:19', 380, 'cuota de octubre', 215, 1),
	(194, '2016-10-17 09:13:55', 380, 'cuota de octubre', 8, 1),
	(195, '2016-10-19 17:57:11', 350, 'cuota', 65, 1),
	(196, '2016-10-19 00:00:00', 380, 'CUOTA DE OCTUBRE', 149, 1),
	(197, '2016-10-20 20:11:46', 350, 'cuota de octubre', 112, 1),
	(198, '2016-10-20 20:15:02', 350, 'cuota de octubre', 251, 1),
	(199, '2016-10-20 20:17:49', 300, 'cuota de octubre', 27, 1),
	(200, '2016-10-20 20:20:24', 350, 'ccuota de octubre', 183, 1),
	(201, '2016-10-21 08:33:11', 550, 'cuota septiembre y octubre', 132, 1),
	(202, '2016-10-21 10:47:46', 380, 'cuota octubre', 140, 1),
	(203, '2016-10-24 09:49:20', 450, 'cuota octubre', 252, 1),
	(204, '2016-10-24 18:46:11', 380, 'cuota octubre', 135, 1),
	(205, '2016-10-24 20:14:05', 380, 'cuota e octubre', 253, 1),
	(206, '2016-10-24 00:00:00', 400, 'cuota de octubre', 162, 1),
	(207, '2016-10-25 20:07:21', 350, 'cuota de octubre', 9, 1),
	(208, '2016-10-26 00:00:00', 380, 'cuota de octubre', 254, 1),
	(209, '2016-10-03 19:59:37', 400, 'cuota de octubre', 106, 1),
	(210, '2016-10-27 21:14:17', 350, 'cuota de octubre', 269, 1),
	(211, '2016-10-28 18:19:25', 500, 'cuota de octubre', 4, 1),
	(212, '2016-10-31 08:59:30', 380, 'cuota octubre-noviembre', 133, 1),
	(213, '2016-10-01 21:18:39', 380, 'cuota e noviembre', 56, 1),
	(214, '2016-11-01 18:05:38', 380, 'cuota de octubre', 270, 1),
	(215, '2016-11-01 19:09:39', 450, 'cuota de octubre', 137, 1),
	(216, '2016-11-02 21:38:08', 450, 'cuota de octubre', 67, 1),
	(217, '2016-11-02 21:40:02', 500, 'cuota de octubre', 68, 1),
	(218, '2016-11-02 21:44:20', 450, 'cuota de octubre', 101, 1),
	(219, '2016-11-02 21:46:07', 380, 'cuota de octubre', 114, 1),
	(220, '2016-11-02 21:47:22', 450, 'cuota de octubre', 125, 1),
	(221, '2016-11-03 17:45:26', 500, 'cuota', 272, 1),
	(222, '2016-11-03 19:03:20', 380, 'cuota de octubre', 36, 1),
	(223, '2016-11-03 20:10:25', 380, 'cuota de noviembre', 69, 1),
	(224, '2016-11-03 21:04:40', 350, 'cuota de noviembre', 98, 1),
	(225, '2016-10-20 00:00:00', 350, 'cuota de octubre', 71, 1),
	(226, '2016-11-04 09:45:03', 350, 'cuota noviembre', 23, 1),
	(227, '2016-11-04 09:46:47', 380, 'cuopta adel diciembre', 140, 1),
	(228, '2016-11-04 20:07:04', 380, 'cuota de noviembre', 152, 1),
	(229, '2016-11-04 20:08:17', 380, 'cuota de noviembre', 153, 1),
	(230, '2016-11-04 20:53:58', 350, 'cuota de noviembre', 167, 1),
	(231, '2016-11-04 20:55:15', 380, 'cuota de noviembre', 116, 1),
	(232, '2016-11-07 09:17:26', 380, 'cuota noviembre', 35, 1),
	(233, '2016-11-07 10:35:40', 380, 'cuota noviembre', 35, 1),
	(234, '2016-11-07 17:39:26', 450, 'cuota de noviembre', 89, 1),
	(235, '2016-11-07 18:03:07', 380, 'cuota de noviembre', 114, 1),
	(236, '2016-11-07 18:55:39', 380, 'cuota noviembre', 58, 1),
	(237, '2016-11-07 19:20:19', 450, 'cuota', 165, 1);
/*!40000 ALTER TABLE `cuotas_registros` ENABLE KEYS */;


-- Volcando estructura para tabla gym.dias
CREATE TABLE IF NOT EXISTS `dias` (
  `idDia` int(11) NOT NULL AUTO_INCREMENT,
  `dia` varchar(255) DEFAULT NULL,
  PRIMARY KEY (`idDia`)
) ENGINE=InnoDB AUTO_INCREMENT=8 DEFAULT CHARSET=latin1;

-- Volcando datos para la tabla gym.dias: ~7 rows (aproximadamente)
/*!40000 ALTER TABLE `dias` DISABLE KEYS */;
INSERT INTO `dias` (`idDia`, `dia`) VALUES
	(1, 'Domingo'),
	(2, 'Lunes'),
	(3, 'Martes'),
	(4, 'Miércoles'),
	(5, 'Jueves'),
	(6, 'Viernes'),
	(7, 'Sábado');
/*!40000 ALTER TABLE `dias` ENABLE KEYS */;


-- Volcando estructura para tabla gym.domicilios
CREATE TABLE IF NOT EXISTS `domicilios` (
  `idDomicilio` int(11) NOT NULL AUTO_INCREMENT,
  `Calle` varchar(255) DEFAULT NULL,
  `Nro` varchar(255) DEFAULT NULL,
  `Piso` varchar(255) DEFAULT NULL,
  `Dpto` varchar(255) DEFAULT NULL,
  `Barrio` varchar(255) DEFAULT NULL,
  `codigoPostal` varchar(255) DEFAULT NULL,
  `idLocalidad` int(11) DEFAULT NULL,
  PRIMARY KEY (`idDomicilio`),
  KEY `FK_cdvgb8r5hco7dq86ntwpmrkrg` (`idLocalidad`),
  CONSTRAINT `FK_cdvgb8r5hco7dq86ntwpmrkrg` FOREIGN KEY (`idLocalidad`) REFERENCES `localidades` (`idLocalidad`)
) ENGINE=InnoDB AUTO_INCREMENT=281 DEFAULT CHARSET=latin1;

-- Volcando datos para la tabla gym.domicilios: ~199 rows (aproximadamente)
/*!40000 ALTER TABLE `domicilios` DISABLE KEYS */;
INSERT INTO `domicilios` (`idDomicilio`, `Calle`, `Nro`, `Piso`, `Dpto`, `Barrio`, `codigoPostal`, `idLocalidad`) VALUES
	(1, 'ARMANDO RUTILLI', '503', '', '', 'NUEVO RIO CEBALLOS', 'jTextField1', 6),
	(2, 'VIGO', '760', '', '', 'MAIPU', 'jTextField1', 6),
	(3, '', '760', '', '', 'Centro', 'jTextField1', 6),
	(4, '', '760', '', '', 'VILLA LOS ALTOS', 'jTextField1', 6),
	(5, 'Lamadrid', '760', '', '', 'AGUA DE ORO', 'jTextField1', 6),
	(6, 'Lamadrid', '760', '', '', 'ÑU PORA', 'jTextField1', 6),
	(7, 'AMUCHASTEGUI ', '118', '', '', 'LA QUEBRADA', '5111', 2),
	(8, 'AMUCHASTEGUI', '118', '', '', 'LA QUEBRADA', '5111', 2),
	(9, 'rio negro', '23', '', '', '', '5111', 2),
	(10, 'MARTA FERRI ', '238', '', '', 'NUEVO RIO CEBALLOS', '5111', 1),
	(11, 'AV SAN MARTIN ', '7710', '', '', 'CENTRO', '5111', 1),
	(12, 'LOS ROBLES', '1647', '', '', 'RIO CEBALLOS', '5111', 1),
	(13, 'SALTA', '111', '', '', 'CENTRO', '5111', 1),
	(14, 'ITALLA', '65', '', '', 'RIO CEBALLO9S', '5111', 1),
	(15, 'CACEROS', '45', '', '', 'RIO CEBALLOS', '5111', 2),
	(16, 'RUTA E53 KM 17 MZA23 LOTE 13', '', '', '', 'VILLA CATALINA', '5111', 1),
	(18, 'ND', '1', '', '', 'ND', '5111', 2),
	(19, 'av sarmiento esquina neuquen s/n', '0', '0', '0', 'rio ceballos', '5111', 3),
	(20, 'AV. SARMIENTO ESQUINA', '10', '10', '10', 'SALSIPUEDES', '5111', 3),
	(21, 'aristoteles', '531', '0', '0', 'rio ceballos', '5111', 2),
	(22, 'TEHUELCHES ', '141', '0', '0', 'PIZARRO', '5111', 2),
	(23, 'atahualpa yupanqui', '298', '', '', 'nd', '5111', 2),
	(24, 'ND', '0', '0', '0', 'ND', '5112', 3),
	(25, 'av san martin', '7710', '0', '0', 'rio ceballos', '5111', 2),
	(26, 'ciudad de rosario', '100', '0', '0', 'rio ceballos', '5111', 2),
	(27, 'don orione', '180', '0', '0', 'rio ceallos', '5111', 2),
	(28, 'ruta e-53 km 40', '0', '0', '0', 'rio ceballos', '5111', 2),
	(29, 'av sarmiento esquina neuquen s/n', '0', '0', '0', 'rio ceballos', '5111', 2),
	(30, 'juan jose paso ', '117', '0', '0', 'rio ceballos', '5111', 2),
	(31, 'marta ferri', '238', '0', '0', 'rio ceballos', '5111', 2),
	(32, 'echeverria ', '67', '0', '0', 'rio ceballos', '5111', 2),
	(33, 'ortiz de ocampo', '812', '0', '0', 'rio ceballos', '5111', 2),
	(34, 'a', '0', '0', '0', 'rio ceballos', '5111', 2),
	(35, 'buenos aires', '88', '0', '0', 'rio ceballos', '5111', 2),
	(36, 'ruta e-53 km 17 villa catalina', '0', '0', '0', 'a', '5111', 2),
	(37, 'ruta e-53', 'km.17', '', '', 'villa catalina', '5111', 2),
	(38, 'GOYA ESQ ECHEVERRIA', '0', '', '', 'NO DIJO', '5111', 2),
	(39, 'los nogales', '1755', '', '', 'nd', '5111', 2),
	(40, 'AURELIO COLOMBA', '344', '0', '0', 'BELLA VISTA', '5111', 2),
	(41, 'VIRGEN DE ITATI', '179', '0', '0', 'PARQUE LUJAN', '5111', 2),
	(42, 'MUYICA LAINEZ', '57', '0', '0', 'RIO CEBALLOS', '5111', 2),
	(43, 'LOS ROBLES', '1329', '0', '0', 'RIO CEBALLOS', '5111', 2),
	(44, 'RAWSON', '95', '0', '0', 'RIO CEBALLOS', '5111', 2),
	(45, 'BUENOS AIRES', '88', '0', '0', 'RIO CEBALLOS', '5111', 2),
	(46, 'MARCONI', '0', '0', '0', 'AGUA DE ORO', '0', 4),
	(47, 'FLUMIN', '101', '0', '0', 'SALSIPUEDES', '0', 1),
	(48, 'FOVONIES', '516', '0', '0', 'RIO CEBALLOS', '5111', 2),
	(49, 'UTE 24 MZA 21', '0', '0', '0', 'VILLA CATALINA', '', 2),
	(50, 'LLONARDO DA VINA', '0', '0', '0', 'RIO CEBALLOS', '5111', 2),
	(51, 'ATAHUALPA YUPANQUI Y DEAN FUNES ', '586', '0', '0', 'RIO CEBALLOS', '5111', 2),
	(52, 'SARMIENTO', '522', '0', '0', 'RIO CEBALLOS', '5111', 2),
	(53, 'R. FOURNIER', '0', '0', '0', 'RIO CEBALLOS', '5111', 2),
	(54, 'FOURNIER', '545', '0', '0', 'RIO CEBALLOS', '5111', 2),
	(55, 'MOSCONI', '261', '0', '0', 'RIO CEBALLOS', '5111', 2),
	(56, 'SAAVEDRA', '223', '0', '0', 'RIO CEBALLOS', '5111', 2),
	(57, 'AV. 12 DE OCTUBRE', '1567', '0', '0', 'RIO CEBALLOS', '5111', 2),
	(58, 'PJE URQUIZA ', '54', '0', '0', 'LA QUEBRADA', '5111', 2),
	(59, 'JUAREZ CELMAN ', '69', '0', '0', 'PARQUE ATALAYA', '5111', 2),
	(60, 'FLORIDA', '35', '0', '0', 'RIO CEBALLOS', '5111', 2),
	(61, 'PELMON S/N LOTE 78', '0', '0', '0', 'RIO CEBALLOS', '5111', 2),
	(62, 'SAN MARTIN', '3705', '0', '0', 'RIO CEBALLOS', '5111', 2),
	(63, 'BENITO LYNCH S/N ', '0', '0', '0', 'SALSIPUEDES', '0', 3),
	(64, '9 DE JULIO S/N', '0', '0', '0', 'RIO CEBALLOS', '5111', 2),
	(65, 'BARRIO LOS BASCO', '0', '0', '0', 'LOS BASCO', '5111', 2),
	(66, 'URQUIZA', '54', '0', '0', 'LA QUEBRADA', '5111', 2),
	(67, '12 DE OCTUBRE', '256', '0', '0', 'RIO CEBALLOS', '5111', 2),
	(68, 'JOSE MARTI', '100', '0', '0', 'PARQUE ATALAYA', '5111', 2),
	(69, 'MUJICA', '56', '0', '0', 'RIO CEBALOS', '5111', 2),
	(70, 'LOR ROBLES', '1329', '0', '0', 'VILLA LOS ALTOS', '5111', 2),
	(71, 'SAAVEDRA', '223', '0', '0', 'RIO CEBALLOS', '5111', 2),
	(72, 'QUISQUIZACATE', '135', '0', '0', 'CANTEGRIL', '5111', 2),
	(73, 'FLORIDA', '94', '0', '0', 'RIO CEBALLOS', '5111', 2),
	(74, 'QUISQUIZACATE', '343', '0', '0', 'RIO CEBALLOS', '5111', 2),
	(75, 'CATAMARCA', '143', '0', '0', 'RIO CEBALLOS', '5111', 2),
	(76, 'AV SAN MARTIN', '372', '0', '0', 'RIO CEBALLOS', '5111', 2),
	(77, 'AV. SAN MARTIN', '372', '0', '0', 'BARRIO LOZA', '5111', 2),
	(78, 'BENITO MOULE', '180', '0', '0', 'BARRIO SARMIENTO', '5111', 2),
	(79, 'SUYAY', '70', '0', '0', 'ÑU PORA', '5111', 2),
	(80, 'BELGRANO ', '25', '0', '0', 'rio ceballos', '5111', 2),
	(81, 'ernesto negrette', '320', '0', '0', 'salsipuedes', '5111', 3),
	(82, 'san martin ', '4346', '0', '0', 'centro', '5111', 2),
	(83, 'atahualpa yupanqui', '298', '0', '0', 'agua del peñon', '5111', 2),
	(84, 'pacheco de melo', '185', '0', '0', 'rio ceballos', '5111', 2),
	(85, 'pilco mayo', '0', '0', '0', 'rio ceballos', '5111', 2),
	(86, 'ameghino', '59', '0', '0', 'rio ceballos', '5111', 2),
	(87, 'SAN MARTIN', '4627', '0', '0', 'RIO CEBALLOS', '5111', 2),
	(88, 'C. DE ROSARIO ', '100', '0', '0', 'RIO CEBALLOS', '5111', 2),
	(89, 'rioja', '61', '', '', 'marino', '5111', 2),
	(90, 'REMEDIO DE ESCALADA ', '1650', '', '', 'RIO CEBALLOS', '5111', 2),
	(91, 'sarmiento', '1244', '', '', 'san cayetano', '5111', 2),
	(92, 'figueroa alcorta', '515', '', '', 'cantegril', '5111', 2),
	(93, 'ricardo barcasina', '54', '', '', 'rio ceballos', '5111', 2),
	(94, 'carmen de moyano', '0', '0', '0', 'salsipuedes', '5113', 3),
	(95, 'aristoteles', '531', '0', '0', 'rio ceballos', '5111', 2),
	(96, 'rawson', '175', '0', '0', 'rio ceballos', '5111', 2),
	(97, 'salta', '111', '0', '0', 'centro', '5111', 2),
	(98, 'diaquita', '104', '0', '0', 'rio ceballos', '5111', 2),
	(99, 'del carmen s/n', '0', '0', '0', 'rio ceballos', '5111', 2),
	(100, 'del carmen s/N', '0', '0', '0', 'rio ceballos', '5111', 2),
	(101, 'ruta e 53', '0', '0', '0', 'el pueblito', '5111', 2),
	(102, 'pilcomayo', '191', '0', '0', 'rio ceballos', '5111', 2),
	(103, 'benito moule', '180', '0', '0', 'sarmiento', '5111', 2),
	(104, 'ruta e 53 lote 42 mzna 23 villa catalina', '0', '0', '0', 'pajas blancas', '5111', 2),
	(105, 'mosconi', '514', '0', '0', 'rio ceballos', '5111', 2),
	(106, 'augusto da rocha s/n', '0', '0', '0', 'unquillo', '0', 2),
	(107, 'sarmientoi', '3979', '', '', 'el pueblitop', '51121981', 3),
	(108, 'BENITO MAULE', '180', '', '', 'SARMIENTO', '5111', 2),
	(109, 'RAMON J CARCANO', '210', '0', '0', 'BARRIO LOZA', '5111', 2),
	(110, 'RUTA E 53 KM 24', '0', '0', '0', 'SALSIPUEDES', '0', 3),
	(111, 'oscar ferreyra', '400', '0', '0', 'rio ceballos', '5111', 2),
	(112, 'ROMA', '315', '0', '0', 'PIETRI', '5111', 2),
	(113, 'REMEDIOS DE ESCALADA', '1051', '0', '0', 'RIO CEBALLOS', '5111', 2),
	(114, 'ute 24 mzna 21 villa catalina', '0', '0', '0', 'pajas blancas', '0', 2),
	(115, 'pilcomayo y jose martinez', '0', '0', '0', 'rio ceballos', '5111', 2),
	(116, 'eduardo loza', '105', '0', '0', 'rio ceballos', '5111', 2),
	(117, 'rawson', '388', '0', '0', 'ñu pora', '5111', 2),
	(118, 'marta ferri', '238', '0', '0', 'nuevo rio ceballos', '5111', 2),
	(119, 'diaguitas', '104', '0', '0', 'rio ceballos', '5111', 2),
	(120, 'pedro rivera', '154', '0', '0', 'sta teresita', '5111', 2),
	(121, 'PASAJE PEDRO', '0', '0', '0', 'RIO CEBALLOS', '5111', 2),
	(122, 'PERON', '0', '0', '0', 'RIO CEBALLOS', '5111', 2),
	(123, 'PARAGUAY', '144', '0', '0', 'RIO CEBALLOS', '5111', 2),
	(124, 'LOS TALAS', '119', '0', '0', 'RIO CEBALLOS', '5111', 2),
	(125, 'BENITO JUAREZ', '260', '0', '0', 'RIO CEBALLOS', '5111', 2),
	(126, 'BENITO JUAREZ', '260', '0', '0', 'RIO CEBALLOS', '5111', 2),
	(127, '12 DE OCTUBRE S/N', '0', '0', '0', 'SAN MIGUEL', '5111', 2),
	(128, 'VILLA LOS ALTOS', '0', '0', '0', 'VILLA LOS ALTOS', '5111', 2),
	(129, 'GRAL LOPEZ', '122', '0', '0', 'RIO CEBALLOS', '5111', 2),
	(130, 'quisquisacate', '59', '', '', 'cantegril', '5111', 2),
	(131, 'LOS CHAÑARES', '394', '0', '0', 'RIO CEBALLOS', '5111', 2),
	(132, 'TUCUMAN', '610', '0', '0', 'RIO REBALLOS', '5111', 2),
	(133, 'JUAN. B. JUSTO', '161', '0', '0', 'RIO CEBALLOS', '5111', 2),
	(134, 'JUAN SEBASTIAN BACH', '53', '0', '0', 'LA QUEBRADA', '5111', 2),
	(135, 'CANTERA EL SAUCE', '0', '0', '0', 'RIO CEBALLOS', '5111', 2),
	(136, 'RUTA E 53 EL PUEBLITO', '0', '0', '0', 'EL PUEBLITO', '5111', 2),
	(137, 'BELGRANO', '25', '0', '0', 'RIO CEBALLOS', '5111', 2),
	(138, 'BRASILO', '363', '0', '0', 'rio ceballos', '5111', 2),
	(139, 'sanchez de loria esquina goya', '0', '0', '0', 'rio ceballos', '5111', 2),
	(140, 'uruguay', '206', '', '', 'el cedro', '5111', 2),
	(142, 'moneñor de andrea ', '40', '0', '0', 'rio ceballos', '5111', 2),
	(143, 'OSCAR FERREYRA', '252', '0', '0', 'RIO CEBALLOS', '5111', 2),
	(144, 'LAPRIDA', '112', '0', '0', 'RIO CEBALLOS', '5111', 2),
	(145, 'SIMON BOLIVAR', '526', '0', '0', 'RIO CEBALLOS', '5111', 2),
	(146, 'JUAN B. JUSTOS', '161', '0', '0', 'LA AMISTAD', '5111', 2),
	(147, 'general roca', '67', '0', '0', 'rio ceballos', '5111', 2),
	(148, 'juan jose paso', '117', '0', '0', 'rio ceballos', '5111', 2),
	(149, 'ALMIRANTE BROWN', '640', '0', '3', 'RIO CEBALLOS', '5111', 2),
	(150, 'oscar ferreyrs', '1150', '0', '0', 'rio ceballos', '5111', 2),
	(151, 'oscar ferreyra', '400', '0', '0', 'rio ceballos', '5111', 2),
	(152, 'vte lopez y planes', '112', '0', '0', 'ñu pora', '5111', 2),
	(153, 'BELGRANO', '25', '0', '0', 'RIO CEBALLOOS', '5111', 2),
	(154, 'PARAGUAY', '401', '0', '0', 'RIO CEBALLOS', '5111', 2),
	(155, 'av 12 de octubre', '1567', '0', '0', 'rio ceballos', '5111', 2),
	(156, 'LOS NOGALES', '215', '0', '0', 'RIO CEBALLOS', '5111', 2),
	(157, 'pasaje privado y alem', '0', '0', '0', 'rio ceballos', '5111', 2),
	(158, 'remedios de escalada', '1542', '0', '0', 'rio ceballos', '5111', 2),
	(159, 'quisquizacate', '59', '0', '0', 'rio ceballos', '5111', 2),
	(160, 'cerro de la cruz', '486', '0', '0', 'rio ceballos', '5111', 2),
	(161, 'pje pavon', '0', '0', '0', 'rio ceballos', '5111', 2),
	(162, 'j. luis de cabrera', '68', '0', '0', 'rio ceballos', '5111', 2),
	(163, 'cerro de la cruz', '486', '0', '0', 'rio ceballos', '5111', 2),
	(164, 'rioja ', '61', '', '', 'rio ceballos', '5111', 2),
	(165, 'martin de alzaga', '940', '', '', 'la lucinda', '5111', 2),
	(166, 'mujica lainez', '279', '0', '0', 'cantegril', '5111', 2),
	(167, 'NICANOR CEBALLOS', '86', '0', '0', 'RIO CEBALLOS', '5111', 2),
	(168, 'CIUDAD DEL ROSARIO', '100', '0', '0', 'RIO CEBALLOS', '5111', 2),
	(169, 'VIRGEN DE LA MERCED', '131', '0', '0', 'RIO CEBALLOS', '5111', 2),
	(170, 'MZ 23 LOTE 21', '0', '0', '0', 'VILLA CATALINA', '5111', 2),
	(171, 'AV. SAN MARTIN', '885', '0', '0', 'BARRIO LOZA', '5111', 2),
	(172, 'PJE PEDRO VEGA', '0', '0', '0', 'RIO CEBALLOS', '5111', 2),
	(173, 'VTE LOPEZ Y PLANES', '112', '0', '0', 'ÑU PORA', '5111', 2),
	(174, 'LOS CHAÑALES', '394', '0', '0', 'RIO CEBALLOS', '5111', 2),
	(175, 'agusto da rovha', '0', '0', '0', 'rio ceballos', '5111', 2),
	(176, 'gral paz', '51', '0', '0', 'rio ceballos', '5111', 2),
	(177, 'bolivia', '338', '0', '0', 'rio ceballos', '5111', 2),
	(178, 'villa catalina', '0', '0', '0', 'pajas blancaas', '5111', 2),
	(179, 'mujica lainez', '279', '0', '0', 'cantegril', '5111', 2),
	(180, 'oscar ferreyra', '00', '0', '0', 'cantegril', '5111', 2),
	(181, '', '', '', '', '', '', NULL),
	(182, 'diaguitas ', '104', '', '', 'los vascos', '5111', 2),
	(183, 'juan jose paso', '136', '0', '0', 'rio ceballos', '5111', 2),
	(184, 'av 12 de octubre', '0', '0', '0', 'rio ceballos', '5111', 2),
	(185, 'aires de rio ', '27', '0', '0', 'rio ceballos', '5111', 2),
	(186, 'los espinillos', '0', '0', '0', 'rio ceballos', '5111', 2),
	(187, 'LOS ESPINILLOS', '288', '0', '0', 'RIO CEBALLOS', '5111', 2),
	(188, 'RIO NEGRO', '257', '0', '0', 'RIO CEBALLOS', '5111', 2),
	(189, 'los talas', '220', '0', '0', '', '5111', 2),
	(190, 'los talas', '220', '0', '0', '', '5111', 2),
	(191, 'arenals', '457', '0', '0', '', '5111', 2),
	(192, 'ruta e 53 esquina neuquen. villa sol', '', '', '', '', '5111', 2),
	(193, 'neuquen', '166', '0', '0', 'salsipuedes', '5111', 3),
	(194, 'florida', '35', '0', '0', '', '5111', 2),
	(195, 'benito maule', '236', '0', '0', 'rio ceballos', '5111', 2),
	(196, 'los platanos', '515', '0', '0', 'villa los altos', '5111', 2),
	(197, 'santa rosa', '266', '0', '0', 'rio ceballos', '5111', 2),
	(198, 'john kennedy ', '196', '0', '0', 'el bosque', '5111', 3),
	(199, 'ceferino namucura', '30', '0', '0', 'ñu pora', '5111', 2),
	(200, 'laprida', '216', '0', '0', '', '5111', 2),
	(201, 'italia', '192', '0', '0', 'rio ceballos', '5111', 2),
	(202, 'figueroa alcorta', '02', '0', '0', 'rio ceballos', '5111', 2),
	(203, 'maule ', '58', '0', '0', 'rio ceballos', '5111', 2),
	(204, 'virgen del lujan', '131', '0', '0', 'rio ceballos', '5111', 2),
	(205, 'av. lincol', '0', '0', '0', 'rio ceballos', '5111', 2),
	(206, '12 de octubre', '177', '', '', 'rio ceballos', '5111', 2),
	(207, 'virgen de la merced', '27', '0', '0', 'rio ceballos', '5111', 2),
	(208, 'lo9s granaderos', '94', '0', '0', 'rio ceballos', '5111', 2),
	(209, 'colombres', '174', '0', '0', 'rio ceballos', '5111', 2),
	(210, 'madams curie', '33', '0', '0', 'rio ceballos', '5111', 2),
	(211, 'virgen de la merced', '27', '0', '0', 'rio ceballos', '5111', 2),
	(212, 'aurelio colomba', '224', '', '', 'bella vista', '5111', 2),
	(213, 'italia', '65', '0', '2', 'rio ceballos', '5111', 2),
	(214, 'sarmiento', '0', '0', '0', 'rio ceballos', '5111', 2),
	(215, 'cerrito', '55', '0', '0', 'rio ceballos', '5111', 2),
	(216, 'belgrano', '1212', '', '', 'buena visto', '5111', 2),
	(217, 'carlos monzon', '165', '0', '0', 'rio ceballos', '511', 2),
	(218, 'av san martin', '2867', '0', '0', 'rio ceballos', '5111', 2),
	(219, 'bregante', '191', '0', '0', 'rio ceballos', '5111', 2),
	(220, 'villa catalina', '0', '0', '0', 'pajas blancas', '5111', 2),
	(221, 'la valleja ', '0', '0', '0', 'ñu pora', '5111', 2),
	(222, 'rastreador fornier', '552', '0', '0', 'rio ceballos', '5111', 2),
	(223, 'salta', '102', '0', '0', 'rio ceballos', '5111', 2),
	(224, 'jose marti y pilcomayo', '191', '0', '0', 'rio ceballos', '5111', 2),
	(225, 'sarmiento', '1093', '0', '0', 'rio cebalos', '5111', 2),
	(226, 'sarmiento', '300', '0', '0', 'rio ceballos', '5111', 2),
	(227, 'remedio de escalada', '47', '0', '0', 'rio ceballos', '5111', 2),
	(228, 'av sarmiento', '885', '0', '0', 'rio ceballos', '5111', 2),
	(229, 'av sarmiento', '890', '0', '0', 'rio ceballos', '5111', 2),
	(230, 'jonas salk', '377', '0', '0', 'salsipuedes', '5111', 2),
	(231, 'av san martin', '2837', '0', '0', 'rio ceballos', '5111', 2),
	(232, 'pje b mitre', '65', '0', '0', 'rio ceballos', '5111', 2),
	(233, 'oscar ferreyra', '246', '0', '0', 'rio ceballos', '5111', 2),
	(234, 'av san matin', '3165', '0', '0', 'ñupora', '5111', 2),
	(235, 'CHARCOS', '598', '0', '0', 'RIO EBALLOS', '5111', 2),
	(236, 'FRENTE MATIENZO', '39', '0', '0', '', '5111', 2),
	(237, 'SARMIENTO', '264', '0', '0', 'RIO CEBALLOS', '5111', 2),
	(238, 'ATAHUALPA YUPANQUI', '298', '0', '0', 'RIO CEBLLOS', '5111', 2),
	(239, 'AV SARMIENTO', '267', '0', '0', 'RIO CENBALLOS', '5111', 2),
	(240, 'GOYA ', '0', '0', '5', 'RIO CEBALLOS', '5111', 2),
	(241, 'RUTA E 53 KM 20 CAMINO PAJAS BLANCAS', '0', '0', '0', 'RIO CEBALLOS', '5111', 2),
	(242, 'VIRGEN DEL VALLE', '242', '0', '0', 'PARQUE LUJAN', '5111', 2),
	(243, 'ESCALANTE DE MOYANO', '39', '0', '0', 'RIO CEBALLOS', '5111', 2),
	(244, 'AV SARMIENTO', '1871', '0', '0', 'SALSIPUEDES', '5111', 3),
	(245, 'JUAN MANUEL DE ROSAS', '46', '0', '0', 'RIO CEBALLOS', '5111', 2),
	(246, 'AV SAN MARTIN ', '1301', '0', '0', 'RIO CEBALLOS', '5111', 2),
	(247, 'RUBEN DORIO', '0', '0', '0', 'STA FE', '5111', 2),
	(248, 'AMADO NERVO', '0', '0', '0', 'RIO CEBALLOS', '5111', 2),
	(249, 'BELGRANO', '369', '0', '0', 'OARQUE', '5111', 2),
	(250, 'falucho', '152', '0', '0', 'rio ceballos', '5111', 2),
	(251, 'san salvador', '37', '0', '0', 'san cayetano', '5111', 2),
	(252, 'sarmiento', '1711', '0', '0', 'rio ceballos', '5111', 2),
	(253, 'bolivia', '252', '0', '0', 'centro de rio ceballos', '5111', 2),
	(254, 'arenales', '457', '0', '0', 'rio ceballos', '5111', 2),
	(255, 'lestache', '14', '9', '0', 'rio ceballos', '5111', 2),
	(256, 'rawson', '388', '0', '0', 'rio ceballos', '5111', 2),
	(257, 'san carlos', '245', '', '', '', '5111', 2),
	(258, 'blass parera', '85', '0', '0', 'el cedro', '5111', 2),
	(259, 'ameguino', '46', '0', '0', 'rio ceballos', '5111', 2),
	(260, 'san carlos', '245', '0', '0', 'rio ceballos', '5111', 2),
	(261, 'roma', '110', '0', '0', 'rio ceballos', '5111', 2),
	(262, 'paraguay esq del valle', '0', '0', '0', 'sabato', '5111', 2),
	(263, 'av sarmiento', '1615', '1', '0', 'rio ceballos', '5111', 2),
	(264, 'ricardo baelasina', '69', '0', '0', 'rio ceballos', '5111', 2),
	(265, 'bolivia', '534', '0', '0', 'rio ceballos', '5111', 2),
	(266, 'sanches de bustamante', '119', '0', '0', 'el cedro', '5111', 2),
	(267, 'virgen del valle', '305', '0', '0', 'parque lujan', '5111', 2),
	(268, 'mons.angelelli', '20', '0', '0', 'rio ceballos', '5111', 2),
	(269, 'benito maule', '294', '0', '0', 'rio ceballos', '5111', 2),
	(270, 'mons angelelli', '20', '0', '0', 'loza', '5111', 2),
	(271, 'ernesto della torre', '122', '0', '0', 'rio ceballos', '5111', 2),
	(272, 'vertiz', '765', '0', '0', 'rio ceballos', '5111', 2),
	(273, 'r de escalada', '157', '0', '0', 'rio ceballos', '5111', 2),
	(274, 'paraguay', '401', '0', '0', 'rio ceballos', '5111', 2),
	(275, 'juan c. salas', '81', '0', '0', 'rio ceballos', '5111', 2),
	(276, 'tucuman', '0', '0', '0', 'rio ceballos', '5111', 2),
	(277, 'saavedra', '207', '0', '0', 'rio ceballos', '5111', 2),
	(278, 'gral roca', '89', '0', '0', 'rio ceballos', '5111', 2),
	(279, 'QUISCASACATE', '78', '0', '0', 'RIO CEBALLOS', '5111', 2),
	(280, 'quizquizacate', '247', '0', '0', 'rio ceballos', '5111', 2);
/*!40000 ALTER TABLE `domicilios` ENABLE KEYS */;


-- Volcando estructura para tabla gym.estados
CREATE TABLE IF NOT EXISTS `estados` (
  `idEstado` int(11) NOT NULL AUTO_INCREMENT,
  `estado` varchar(255) DEFAULT NULL,
  PRIMARY KEY (`idEstado`)
) ENGINE=InnoDB AUTO_INCREMENT=3 DEFAULT CHARSET=latin1;

-- Volcando datos para la tabla gym.estados: ~2 rows (aproximadamente)
/*!40000 ALTER TABLE `estados` DISABLE KEYS */;
INSERT INTO `estados` (`idEstado`, `estado`) VALUES
	(1, 'Activo'),
	(2, 'Inactivo');
/*!40000 ALTER TABLE `estados` ENABLE KEYS */;


-- Volcando estructura para tabla gym.estado_civil
CREATE TABLE IF NOT EXISTS `estado_civil` (
  `idEstado` int(11) NOT NULL AUTO_INCREMENT,
  `estadoCivil` varchar(255) DEFAULT NULL,
  PRIMARY KEY (`idEstado`)
) ENGINE=InnoDB AUTO_INCREMENT=6 DEFAULT CHARSET=latin1;

-- Volcando datos para la tabla gym.estado_civil: ~4 rows (aproximadamente)
/*!40000 ALTER TABLE `estado_civil` DISABLE KEYS */;
INSERT INTO `estado_civil` (`idEstado`, `estadoCivil`) VALUES
	(1, 'Soltero'),
	(2, 'Casado'),
	(3, 'Viudo'),
	(4, 'Divorciado'),
	(5, 'ND');
/*!40000 ALTER TABLE `estado_civil` ENABLE KEYS */;


-- Volcando estructura para tabla gym.formas_pago
CREATE TABLE IF NOT EXISTS `formas_pago` (
  `idFormaPago` int(11) NOT NULL AUTO_INCREMENT,
  `formaPago` varchar(255) DEFAULT NULL,
  PRIMARY KEY (`idFormaPago`)
) ENGINE=InnoDB AUTO_INCREMENT=5 DEFAULT CHARSET=latin1;

-- Volcando datos para la tabla gym.formas_pago: ~4 rows (aproximadamente)
/*!40000 ALTER TABLE `formas_pago` DISABLE KEYS */;
INSERT INTO `formas_pago` (`idFormaPago`, `formaPago`) VALUES
	(1, 'Contado'),
	(2, 'Débito'),
	(3, 'Crédito'),
	(4, 'Cheques');
/*!40000 ALTER TABLE `formas_pago` ENABLE KEYS */;


-- Volcando estructura para tabla gym.gastos
CREATE TABLE IF NOT EXISTS `gastos` (
  `idGasto` int(11) NOT NULL AUTO_INCREMENT,
  `fecha` datetime DEFAULT NULL,
  `concepto` varchar(255) DEFAULT NULL,
  `importe` float DEFAULT NULL,
  `tipo` int(11) DEFAULT NULL,
  PRIMARY KEY (`idGasto`)
) ENGINE=InnoDB DEFAULT CHARSET=latin1;

-- Volcando datos para la tabla gym.gastos: ~1 rows (aproximadamente)
/*!40000 ALTER TABLE `gastos` DISABLE KEYS */;
/*!40000 ALTER TABLE `gastos` ENABLE KEYS */;


-- Volcando estructura para tabla gym.horarios
CREATE TABLE IF NOT EXISTS `horarios` (
  `idHorario` int(11) NOT NULL AUTO_INCREMENT,
  `horario` varchar(255) DEFAULT NULL,
  `idDia` int(11) DEFAULT NULL,
  PRIMARY KEY (`idHorario`),
  KEY `FK_8w8porjhwagj0erqf3dj6t9a4` (`idDia`),
  CONSTRAINT `FK_8w8porjhwagj0erqf3dj6t9a4` FOREIGN KEY (`idDia`) REFERENCES `dias` (`idDia`)
) ENGINE=InnoDB AUTO_INCREMENT=66 DEFAULT CHARSET=latin1;

-- Volcando datos para la tabla gym.horarios: ~44 rows (aproximadamente)
/*!40000 ALTER TABLE `horarios` DISABLE KEYS */;
INSERT INTO `horarios` (`idHorario`, `horario`, `idDia`) VALUES
	(1, 'Lunes - 8:00 - 9:00', 2),
	(2, 'Lunes - 8:30 - 9:30', 2),
	(3, 'Lunes - 15:00 - 16:00', 2),
	(4, 'Lunes - 18:00 - 19:00', 2),
	(5, 'Lunes - 19:00 - 20:00', 2),
	(6, 'Lunes - 20:00 - 21:00', 2),
	(7, 'Lunes - 21:00 - 22:00', 2),
	(8, 'Martes - 8:30 - 9:30', 3),
	(9, 'Martes - 15:00 - 16:00', 3),
	(10, 'Martes - 19:00 - 20:00', 3),
	(11, 'Martes - 20:00 - 21:00', 3),
	(12, 'Martes - 21:00 - 22:00', 3),
	(13, 'Miércoles - 8:30 - 9:30', 4),
	(14, 'Miércoles - 18:00 - 19:00', 4),
	(15, 'Miércoles - 19:00 - 20:00', 4),
	(16, 'Miércoles - 20:00 - 21:00', 4),
	(17, 'Miércoles - 21:00 - 22:00', 4),
	(18, 'Jueves - 21:00 - 22:00', 5),
	(19, 'Jueves - 20:00 - 21:00', 5),
	(20, 'Jueves - 19:00 - 20:00', 5),
	(21, 'Jueves - 18:00 - 19:00', 5),
	(22, 'Jueves - 19:00 - 20:00', 5),
	(23, 'Jueves - 15:00 - 16:00', 5),
	(24, 'Jueves - 8:30 - 9:30', 5),
	(25, 'Viernes - 8:30 - 9:30', 6),
	(26, 'Viernes - 15:00 - 16:00', 6),
	(27, 'Viernes - 18:00 - 19:00', 6),
	(28, 'Viernes - 19:00 - 20:00', 6),
	(29, 'Viernes - 20:00 - 21:00', 6),
	(30, 'Viernes - 21:00 - 22:00', 6),
	(31, 'Pase Libre', 1),
	(32, 'Lunes - 16:00 - 16:00', 2),
	(33, 'Viernes - 16:00 - 15:00', 6),
	(34, 'Lunes - 9:30 - 10:30', 2),
	(35, 'Lunes - 10:00 - 11:00', 2),
	(36, 'Lunes - 10:30 - 11:30', 2),
	(37, 'Martes - 8:00 - 9:00', 3),
	(38, 'Martes - 9:00 - 10:00', 3),
	(39, 'Martes - 10:00 - 11:00', 3),
	(40, 'Miércoles - 8:00 - 9:00', 4),
	(41, 'Miércoles - 9:00 - 10:00', 4),
	(42, 'Miércoles - 10:00 - 11:00', 4),
	(43, 'Jueves - 8:00 - 9:00', 5),
	(44, 'Jueves - 9:00 - 10:00', 5),
	(45, 'Jueves - 10:00 - 11:00', 5),
	(46, 'Viernes - 8:00 - 9:00', 6),
	(47, 'Viernes - 9:00 - 10:00', 6),
	(48, 'Viernes - 10:00 - 11:00', 6),
	(49, 'Sábado - 10:00 - 11:00', 7),
	(50, 'Sábado - 11:00 - 12:00', 7),
	(51, 'Lunes a Viernes  - 8:30 - 11:00', 1),
	(52, 'Lunes a Viernes - 15:00 a 22:00', 1),
	(53, 'Martes - 16:00 - 17:00', 3),
	(54, 'Jueves - 16:00 - 17:00', 5),
	(55, 'Miércoles - 20:00 - 21:00', 4),
	(56, 'Miércoles - 20:00 - 21:00', 4),
	(57, 'Miércoles - 20:00 - 21:00', 4),
	(58, 'Lunes - 19:00 - 20:00', 2),
	(59, 'Miércoles - 19:00 - 20:00', 4),
	(60, 'Sábado - 10:30 - 12:00', 7),
	(61, 'Sábado - 12:00 - 13:30', 7),
	(62, 'Lunes - 21:00 - 22:00', 2),
	(63, 'Lunes - 21:30 - 9:00', 2),
	(64, 'Lunes - 21:00 - 9:00', 2),
	(65, 'Lunes - 21:00 - 23:00', 2);
/*!40000 ALTER TABLE `horarios` ENABLE KEYS */;


-- Volcando estructura para tabla gym.localidades
CREATE TABLE IF NOT EXISTS `localidades` (
  `idLocalidad` int(11) NOT NULL AUTO_INCREMENT,
  `Localidad` varchar(255) DEFAULT NULL,
  PRIMARY KEY (`idLocalidad`)
) ENGINE=InnoDB AUTO_INCREMENT=7 DEFAULT CHARSET=latin1;

-- Volcando datos para la tabla gym.localidades: ~6 rows (aproximadamente)
/*!40000 ALTER TABLE `localidades` DISABLE KEYS */;
INSERT INTO `localidades` (`idLocalidad`, `Localidad`) VALUES
	(1, 'Córdoba'),
	(2, 'Río Ceballos'),
	(3, 'Salsipuedes'),
	(4, 'Agua de Oro'),
	(5, 'Mendiolaza'),
	(6, 'Candonga');
/*!40000 ALTER TABLE `localidades` ENABLE KEYS */;


-- Volcando estructura para tabla gym.paises
CREATE TABLE IF NOT EXISTS `paises` (
  `idPais` int(11) NOT NULL AUTO_INCREMENT,
  `pais` varchar(255) DEFAULT NULL,
  `codigoPais` varchar(255) DEFAULT NULL,
  PRIMARY KEY (`idPais`)
) ENGINE=InnoDB DEFAULT CHARSET=latin1;

-- Volcando datos para la tabla gym.paises: ~0 rows (aproximadamente)
/*!40000 ALTER TABLE `paises` DISABLE KEYS */;
/*!40000 ALTER TABLE `paises` ENABLE KEYS */;


-- Volcando estructura para tabla gym.parametros
CREATE TABLE IF NOT EXISTS `parametros` (
  `idParametro` int(11) NOT NULL AUTO_INCREMENT,
  `parametro` varchar(255) DEFAULT NULL,
  `valor` int(11) DEFAULT NULL,
  `valorString` varchar(255) DEFAULT NULL,
  PRIMARY KEY (`idParametro`)
) ENGINE=InnoDB AUTO_INCREMENT=4 DEFAULT CHARSET=latin1;

-- Volcando datos para la tabla gym.parametros: ~2 rows (aproximadamente)
/*!40000 ALTER TABLE `parametros` DISABLE KEYS */;
INSERT INTO `parametros` (`idParametro`, `parametro`, `valor`, `valorString`) VALUES
	(1, 'estadoCaja', 1, '0'),
	(2, 'cantidadMovimientos', 2, '0'),
	(3, 'mysqldump', 0, 'C:\\Archivos de programa\\MariaDB 10.0\\bin\\mysqldump.exe');
/*!40000 ALTER TABLE `parametros` ENABLE KEYS */;


-- Volcando estructura para tabla gym.personas
CREATE TABLE IF NOT EXISTS `personas` (
  `idPersona` int(11) NOT NULL AUTO_INCREMENT,
  `NOMBRE` varchar(255) DEFAULT NULL,
  `APELLIDO` varchar(255) DEFAULT NULL,
  `DNI` varchar(255) DEFAULT NULL,
  `Telefono` varchar(255) DEFAULT NULL,
  `Celular` varchar(255) DEFAULT NULL,
  `CorreoElectronico` varchar(255) DEFAULT NULL,
  `FechaNacimiento` datetime DEFAULT NULL,
  `Hijos` int(11) DEFAULT NULL,
  `Sexo` int(11) DEFAULT NULL,
  `foto` varchar(255) DEFAULT NULL,
  `idEstado` int(11) DEFAULT NULL,
  PRIMARY KEY (`idPersona`),
  KEY `FK_fsx3fyd0gd21td4h9e9dc1on7` (`idEstado`),
  CONSTRAINT `FK_fsx3fyd0gd21td4h9e9dc1on7` FOREIGN KEY (`idEstado`) REFERENCES `estado_civil` (`idEstado`)
) ENGINE=InnoDB AUTO_INCREMENT=282 DEFAULT CHARSET=latin1;

-- Volcando datos para la tabla gym.personas: ~245 rows (aproximadamente)
/*!40000 ALTER TABLE `personas` DISABLE KEYS */;
INSERT INTO `personas` (`idPersona`, `NOMBRE`, `APELLIDO`, `DNI`, `Telefono`, `Celular`, `CorreoElectronico`, `FechaNacimiento`, `Hijos`, `Sexo`, `foto`, `idEstado`) VALUES
	(1, 'SUSI', 'ALANIZ', '28653438', '', '03543-63180', '', '2016-08-31 19:11:46', 1, 2, 'jar:file:/C:/GymMaven/target/GymMaven-1.0-SNAPSHOT.jar!/recursos/Lessence.png', 5),
	(2, 'SANTIAGO', 'ABUD', '32373475', '', '3513720659', '', '2016-08-31 19:11:44', 0, 1, 'jar:file:/C:/GymMaven/target/GymMaven-1.0-SNAPSHOT.jar!/recursos/Lessence.png', 5),
	(3, 'RAMIRO', 'MAIO', '20202020', '', '03543519247', '', '2016-08-31 19:11:52', 0, 0, 'jar:file:/C:/GymMaven/target/GymMaven-1.0-SNAPSHOT.jar!/recursos/Lessence.png', 5),
	(4, 'ALEJANDRA', 'CACERES', '18181818', '3513416192', '3513416192', '', '2016-08-31 19:11:50', 0, 2, 'jar:file:/C:/GymMaven/target/GymMaven-1.0-SNAPSHOT.jar!/recursos/Lessence.png', 5),
	(5, 'DAVID', 'OYOLA', '19091919', '3513416192', '3513416192', '', '2016-08-31 19:11:48', 0, 1, 'jar:file:/C:/GymMaven/target/GymMaven-1.0-SNAPSHOT.jar!/recursos/Lessence.png', 5),
	(6, 'BENJAMIN', 'VALENTE', '33333333', '3513416192', '3513416192', '', '2016-08-31 19:11:49', 0, 1, 'jar:file:/C:/GymMaven/target/GymMaven-1.0-SNAPSHOT.jar!/recursos/Lessence.png', 5),
	(7, 'CYNTHIA VALERIA', 'PICONE', '23764250', '03543-450428', '0351-2366105', 'C.PICONE@LIVE.COM.AR', '1974-08-08 00:00:00', 1, 2, 'jar:file:/C:/GymMaven/target/GymMaven-1.0-SNAPSHOT.jar!/recursos/Lessence.png', 5),
	(8, 'MELINA AYLEN ', 'CALDERON', '39497132', '03543-455191', '3518179692', 'MELICALD@HOTMAIL.COM', '1996-01-22 00:00:00', 0, 2, 'jar:file:/C:/GymMaven/target/GymMaven-1.0-SNAPSHOT.jar!/recursos/Lessence.png', 5),
	(9, 'LUCIANO', 'MARTINEZ', '29549473', '03543-453177', '03543-15513719', 'LUCIANO ARIELMARTINEZ@GMAIL.COM', '1982-08-24 00:00:00', 0, 1, 'jar:file:/C:/GymMaven/target/GymMaven-1.0-SNAPSHOT.jar!/recursos/Lessence.png', 5),
	(10, 'MIGUEL', 'VENANZONI', '17160201', '03543-453506', '0351-156318194', 'MIGUELVENANZONI@PINTURASMICAM-P.COM.AR', '1965-06-04 00:00:00', 3, 1, 'jar:file:/C:/GymMaven/target/GymMaven-1.0-SNAPSHOT.jar!/recursos/Lessence.png', 5),
	(11, 'NOELIA', 'REMEDI', '28647840', '03543-153381', '0351-153751002', 'NOELIAREMEDI@HOTMAIL.COM', '1981-02-21 00:00:00', 0, 2, 'jar:file:/C:/GymMaven/target/GymMaven-1.0-SNAPSHOT.jar!/recursos/Lessence.png', 5),
	(12, 'JULIETA', 'STIMOLO', '40662141', '', '0351-153931169', 'STIMOLOJULIETA@GMAIL.COM', '1997-08-28 00:00:00', 0, 2, 'jar:file:/C:/GymMaven/target/GymMaven-1.0-SNAPSHOT.jar!/recursos/Lessence.png', 5),
	(13, 'PABLO', 'NEGRINI', '27171852', '', '03543-15573347', '', '1979-02-11 00:00:00', 2, 1, 'jar:file:/C:/GymMaven/target/GymMaven-1.0-SNAPSHOT.jar!/recursos/Lessence.png', 5),
	(14, 'RAMIRO ', 'GONZALEZ', '37872408', '03543-452951', '03543-15582832', '', '1993-12-14 00:00:00', 0, 1, 'jar:file:/C:/GymMaven/target/GymMaven-1.0-SNAPSHOT.jar!/recursos/Lessence.png', 5),
	(15, 'VERONICA', 'SCIRA', '30734995', '03543-156093965', '03543-15600397', '', '1984-03-27 00:00:00', 0, 1, 'jar:file:/C:/GymMaven/target/GymMaven-1.0-SNAPSHOT.jar!/recursos/Lessence.png', 5),
	(16, 'CATALINA', 'AGUERO', '47907408', '0351-153572727', '0351-156373536', '', '2007-05-09 00:00:00', 0, 2, 'jar:file:/C:/GymMaven/target/GymMaven-1.0-SNAPSHOT.jar!/recursos/Lessence.png', 5),
	(18, 'NATALIA', 'BARRIENTOS LIBERMAN', '43605007', 'ND', 'NATUBARLIBER7@GMAIL.COM', 'ND', '2001-09-02 03:00:00', 0, 1, 'jar:file:/C:/GymMaven/target/GymMaven-1.0-SNAPSHOT.jar!/recursos/Lessence.png', 2),
	(19, 'MATIAS IVAN', 'AQUINO CABRAL', '37615935', '03543493068', '0354315519549', 'aquinomatias.cba@gmail.com', '1993-05-10 00:00:00', 0, 1, 'jar:file:/C:/GymMaven/target/GymMaven-1.0-SNAPSHOT.jar!/recursos/Lessence.png', 5),
	(21, 'ERIKA', 'KLAPPENBACH', '20873369', '3543632714', '0', 'eriphoto78769@gmail.com', '1969-08-07 04:00:00', 0, 2, 'jar:file:/C:/GymMaven/target/GymMaven-1.0-SNAPSHOT.jar!/recursos/Lessence.png', 5),
	(22, 'LOURDES SELENA', 'ORTEGA', '40416395', '03515721509', '3513759683', 'LULY_RENATEAMO@HOTMAIL.COM', '1997-09-15 03:00:00', 0, 2, 'jar:file:/C:/GymMaven/target/GymMaven-1.0-SNAPSHOT.jar!/recursos/Lessence.png', 4),
	(25, 'MORENA', 'AGUIRRE', '37438354', '3543450051', '3543640124', 'aaguirremorenaa@gmail.com', '1994-02-03 00:00:00', 0, 2, 'jar:file:/C:/GymMaven/target/GymMaven-1.0-SNAPSHOT.jar!/recursos/Lessence.png', 5),
	(26, 'DAVID', 'RAVIOLA', '25451991', '03543453391', '0351153751001', 'davidraviola@hotmail.com', '1977-01-09 03:00:00', 0, 1, 'jar:file:/C:/GymMaven/target/GymMaven-1.0-SNAPSHOT.jar!/recursos/Lessence.png', 5),
	(27, 'AGUSTIN ALEJANDRO', 'POGGIO', '39954216', '03543475706', '3513759683', 'alejopo_12@hotmail.com', '1996-09-25 03:00:00', 0, 1, 'jar:file:/C:/GymMaven/target/GymMaven-1.0-SNAPSHOT.jar!/recursos/Lessence.png', 5),
	(28, 'MARIA SOL', 'FERRER', '40684284', '0354315556529', '0354315321', 'solferrer2015@hotmail.com', '1997-09-18 03:00:00', 0, 1, 'jar:file:/C:/GymMaven/target/GymMaven-1.0-SNAPSHOT.jar!/recursos/Lessence.png', 5),
	(29, 'CECILIA', 'RENARD', '25753567', '0351156061429', '0351153791980', 'cecilia_renard@hotmail.com', '1977-10-11 00:00:00', 0, 1, 'jar:file:/C:/GymMaven/target/GymMaven-1.0-SNAPSHOT.jar!/recursos/Lessence.png', 5),
	(30, 'MATIAS IVAN', 'AQUINO CABRAL', '37615935', '03543493068', '0354315519549', 'aquinomatias.cba@gmail.com', '1993-05-10 00:00:00', 0, 1, 'jar:file:/C:/GymMaven/target/GymMaven-1.0-SNAPSHOT.jar!/recursos/Lessence.png', 5),
	(31, 'VICTORIA', 'BARRIENTOS', '44694797', '451402', '3543626194', 'luz.viki@hotmail.com', '2003-03-23 03:00:00', 0, 1, 'jar:file:/C:/GymMaven/target/GymMaven-1.0-SNAPSHOT.jar!/recursos/Lessence.png', 5),
	(32, 'CAMILA', 'VENANZONI', '39494961', '0351152044161', '0351156157200', 'venanzonicami@gmail.com', '1996-01-28 03:00:00', 0, 1, 'jar:file:/C:/GymMaven/target/GymMaven-1.0-SNAPSHOT.jar!/recursos/Lessence.png', 5),
	(33, 'ESTELA', 'ESCALANTE', '14478614', '454695', '3513049753', 'tartadeestela@yahoo.com.ar', '1961-11-24 03:00:00', 0, 1, 'jar:file:/C:/GymMaven/target/GymMaven-1.0-SNAPSHOT.jar!/recursos/Lessence.png', 5),
	(34, 'VIOLETA', 'MAZZONI', '45488486', '0351155950547', '666666', '1111@hotmail.com', '2004-04-16 00:00:00', 0, 1, 'jar:file:/C:/GymMaven/target/GymMaven-1.0-SNAPSHOT.jar!/recursos/Lessence.png', 5),
	(35, 'AGUISTIN', 'NEGRETTE', '43607610', '3543517644', '3513910816', 'aa@hotmail.com', '2001-10-11 03:00:00', 0, 1, 'jar:file:/C:/GymMaven/target/GymMaven-1.0-SNAPSHOT.jar!/recursos/Lessence.png', 5),
	(36, 'CINTIA', 'SANTANDER', '33269525', '15626073', '000000', 'cs.negra@gmail.com', '1987-10-09 03:00:00', 0, 1, 'jar:file:/C:/GymMaven/target/GymMaven-1.0-SNAPSHOT.jar!/recursos/Lessence.png', 5),
	(37, 'MARIA FERNANDA', 'TURCHETTI', '24241824', '555555', '0351156373536', 'qqqq@hotmail.com', '1975-01-18 03:00:00', 0, 1, 'jar:file:/C:/GymMaven/target/GymMaven-1.0-SNAPSHOT.jar!/recursos/Lessence.png', 5),
	(38, 'DANIELA', 'CÓRDOBA', '37999037', '3543459766', '351267366', 'dani.cordoba@outlook.com', '1993-09-08 03:00:00', 0, 0, 'jar:file:/C:/GymMaven/target/GymMaven-1.0-SNAPSHOT.jar!/recursos/Lessence.png', 1),
	(39, 'ZAIDA', 'ELHAIBE', '29476388', '03543-15559433', '0351-153477150', 'zaiturka@gmail.com', '1982-05-13 03:00:00', 0, 2, 'jar:file:/C:/GymMaven/target/GymMaven-1.0-SNAPSHOT.jar!/recursos/Lessence.png', 5),
	(40, 'MOIRA S.', 'FEDELICH', '25208265', 'nd', '3543692426', 'fedelichmoira@gmail.com', '1976-04-25 03:00:00', 0, 2, 'jar:file:/C:/GymMaven/target/GymMaven-1.0-SNAPSHOT.jar!/recursos/Lessence.png', 5),
	(41, 'VERONICA', 'YORIO', '23966464', '03514659629', '', 'veronicayorioproducciones@live.com.ar', '2016-09-06 09:56:58', 0, 2, 'jar:file:/C:/GymMaven/target/GymMaven-1.0-SNAPSHOT.jar!/recursos/Lessence.png', 1),
	(42, 'NATALIA', 'PALMA', '38003202', '0351-153190245', '0351-156138714', 'NATIPALMA7@GMAIL.COM', '1994-01-07 03:00:00', 0, 2, 'jar:file:/C:/GymMaven/target/GymMaven-1.0-SNAPSHOT.jar!/recursos/Lessence.png', 1),
	(43, 'MARIA EUGENIA', 'MARTIN', '33938548', '03543459082', '3543632843', 'MEMARTIN90@GMAIL.COM', '1989-04-05 03:00:00', 0, 1, 'jar:file:/C:/GymMaven/target/GymMaven-1.0-SNAPSHOT.jar!/recursos/Lessence.png', 1),
	(44, 'ANA CAROLINA', 'MARTIN', '39497376', '03543450450', '0351152099411', 'ANACAROLINAMAR@LOVE.COM', '1996-05-10 00:00:00', 0, 2, 'jar:file:/C:/GymMaven/target/GymMaven-1.0-SNAPSHOT.jar!/recursos/Lessence.png', 1),
	(45, 'GABRIELA', 'VERGARA', '28270875', '455716', '15625272', 'GABYJVERGARA@HOTMAIL.COM', '1980-08-05 00:00:00', 0, 2, 'jar:file:/C:/GymMaven/target/GymMaven-1.0-SNAPSHOT.jar!/recursos/Lessence.png', 1),
	(46, 'MAURICIO', 'SANTANDER', '34868637', '03543450120', '3513840249', 'MAURETE886@GMAIL.COM', '1989-12-15 02:00:00', 0, 1, 'jar:file:/C:/GymMaven/target/GymMaven-1.0-SNAPSHOT.jar!/recursos/Lessence.png', 1),
	(47, 'MIGUEL', 'AGUIRRE', '26508990', '03525493970', '0', '0', '1978-05-10 03:00:00', 0, 1, 'jar:file:/C:/GymMaven/target/GymMaven-1.0-SNAPSHOT.jar!/recursos/Lessence.png', 5),
	(48, 'BELEN', 'ZAVALA', '29606316', '3543477462', '35168339743', '0', '1982-07-01 00:00:00', 0, 2, 'jar:file:/C:/GymMaven/target/GymMaven-1.0-SNAPSHOT.jar!/recursos/Lessence.png', 1),
	(49, 'LUCIANO', 'AVILA', '35667201', '3543517652', '15519984', '0', '1990-09-05 00:00:00', 0, 1, 'jar:file:/C:/GymMaven/target/GymMaven-1.0-SNAPSHOT.jar!/recursos/Lessence.png', 1),
	(50, 'PABLO', 'MELONI', '29203139', '3513076374', '0', 'LICMELONI@HOTMAIL.COM.AR', '1982-01-09 00:00:00', 0, 1, 'jar:file:/C:/GymMaven/target/GymMaven-1.0-SNAPSHOT.jar!/recursos/Lessence.png', 5),
	(51, 'BENJAMIN', 'AROGON', '35963437', '03543453795', '0351153198085', 'BENJAMIN_AROGON@HOTMAIL.COM', '1991-06-18 00:00:00', 0, 1, 'jar:file:/C:/GymMaven/target/GymMaven-1.0-SNAPSHOT.jar!/recursos/Lessence.png', 1),
	(52, 'CARLA', 'ACOSTA AGUERO', '35667314', '454145', '0354315579671', 'ACOSTACARLA@HOTMAIL.COM', '1991-02-20 00:00:00', 0, 2, 'jar:file:/C:/GymMaven/target/GymMaven-1.0-SNAPSHOT.jar!/recursos/Lessence.png', 5),
	(53, 'LUCIANO', 'MIHALEC', '26720871', '3543583068', '0', 'LUCIATRINILUNA@GMAIL.COM', '1998-07-07 00:00:00', 0, 1, 'jar:file:/C:/GymMaven/target/GymMaven-1.0-SNAPSHOT.jar!/recursos/Lessence.png', 5),
	(54, 'NICOLAS', 'BUDOVSKI', '39814903', '03543452669', '0354315623025', 'NICOBUDOVSKI@HOTMAIL.COM', '1996-11-08 03:00:00', 0, 1, 'jar:file:/C:/GymMaven/target/GymMaven-1.0-SNAPSHOT.jar!/recursos/Lessence.png', 1),
	(55, 'FEDERICO', 'BUDOVSKI', '33355798', '0', '0354315651526', 'FEDEBUDO@HOTMAIL.COM', '1998-05-16 03:00:00', 0, 1, 'jar:file:/C:/GymMaven/target/GymMaven-1.0-SNAPSHOT.jar!/recursos/Lessence.png', 1),
	(56, 'MARIA AGUSTINA', 'FENOSI', '39735113', '03543452424', '0354315618229', 'MAGUSTINAFENOSI@GMAIL.COM', '1996-11-14 03:00:00', 0, 1, 'jar:file:/C:/GymMaven/target/GymMaven-1.0-SNAPSHOT.jar!/recursos/Lessence.png', 1),
	(57, 'LUCAS', 'BULACIO', '39175875', '0', '0354315639942', 'LUCAS_BURLA@HOTMAIL.COM', '1996-01-16 03:00:00', 0, 1, 'jar:file:/C:/GymMaven/target/GymMaven-1.0-SNAPSHOT.jar!/recursos/Lessence.png', 1),
	(58, 'RODOLFO', 'CORVECHER', '36478964', '03543454527', '3543558107', 'RODO_22_RV@HOTMAIL.COM', '1992-03-13 03:00:00', 0, 1, 'jar:file:/C:/GymMaven/target/GymMaven-1.0-SNAPSHOT.jar!/recursos/Lessence.png', 1),
	(59, 'MARIA BELEN', 'GIRAUDO', '37094897', '03543452935', '0354315553674', 'BELU.GIRAUDO@HOTMAIL.COM', '1992-11-12 02:00:00', 0, 1, 'jar:file:/C:/GymMaven/target/GymMaven-1.0-SNAPSHOT.jar!/recursos/Lessence.png', 1),
	(60, 'TATIANA BELEN', 'CESTARE', '40124646', '03543450709', '3543580544', 'TATI40CESTARE@HOTMAIL.COM', '1997-02-22 03:00:00', 0, 1, 'jar:file:/C:/GymMaven/target/GymMaven-1.0-SNAPSHOT.jar!/recursos/Lessence.png', 1),
	(61, 'SOLANGE', 'BOETSCH', '24280824', '03543451335', '0351156173718', 'SOLANGEBOETS@HOTMAIL.COM', '1974-11-04 03:00:00', 0, 1, 'jar:file:/C:/GymMaven/target/GymMaven-1.0-SNAPSHOT.jar!/recursos/Lessence.png', 1),
	(62, 'LUCAS', 'VILLALBA', '27545759', '0', '0351156799649', 'VILLALBALUCAS@HOTMAIL.COM', '1979-08-11 03:00:00', 0, 1, 'jar:file:/C:/GymMaven/target/GymMaven-1.0-SNAPSHOT.jar!/recursos/Lessence.png', 1),
	(63, 'JUAN', 'SPINZANTI', '37440064', '03543450682', '3543654729', 'JUAN_SARPADO2006@HOTMAIL.COM', '1993-10-24 03:00:00', 0, 1, 'jar:file:/C:/GymMaven/target/GymMaven-1.0-SNAPSHOT.jar!/recursos/Lessence.png', 1),
	(64, 'GISEL DAYANA', 'SANCHEZ', '36985821', '3517692723', '3543693969', 'GIISEL.D.SANCHEZ821@HOTMAIL.COM', '1992-07-12 03:00:00', 0, 1, 'jar:file:/C:/GymMaven/target/GymMaven-1.0-SNAPSHOT.jar!/recursos/Lessence.png', 1),
	(65, 'YAMILA FLORENCIA', 'TESTA', '38987494', '493119 ', '0351156769969', 'FLORCHIS_@HOTMAIL.COM', '1995-07-05 03:00:00', 0, 1, 'jar:file:/C:/GymMaven/target/GymMaven-1.0-SNAPSHOT.jar!/recursos/Lessence.png', 1),
	(66, 'JUAN CARLOS', 'NIETO', '32426969', '0', '0354315602185', '0', '1916-04-05 04:16:48', 0, 1, 'jar:file:/C:/GymMaven/target/GymMaven-1.0-SNAPSHOT.jar!/recursos/Lessence.png', 1),
	(67, 'MAXIMILIANO', 'GIRAUDO', '38105803', '452935', '0351158054906', 'MAXIMILIANO.GIRAUDO@HOTMAIL.COM', '1994-02-13 03:00:00', 0, 1, 'jar:file:/C:/GymMaven/target/GymMaven-1.0-SNAPSHOT.jar!/recursos/Lessence.png', 1),
	(68, 'GERMAN EZEQUIEL', 'CARBALLO', '36124126', '0351152308669', '0', '0', '1990-10-21 03:00:00', 0, 1, 'jar:file:/C:/GymMaven/target/GymMaven-1.0-SNAPSHOT.jar!/recursos/Lessence.png', 1),
	(69, 'LUCIANO ARIEL', 'PEREZ ARGUELLO', '28113852', '0351156189586', '0351152454603', 'LAPA7117@GMAIL.COM', '1980-04-18 03:00:00', 0, 1, 'jar:file:/C:/GymMaven/target/GymMaven-1.0-SNAPSHOT.jar!/recursos/Lessence.png', 1),
	(70, 'GLORIA', 'OLMEDO', '13494617', '455393', '1555973', '0', '1957-12-12 03:00:00', 0, 2, 'jar:file:/C:/GymMaven/target/GymMaven-1.0-SNAPSHOT.jar!/recursos/Lessence.png', 1),
	(71, 'MIRIAM', 'MARTIN', '13683239', '450450', '0', '0', '1957-06-20 03:00:00', 0, 2, 'jar:file:/C:/GymMaven/target/GymMaven-1.0-SNAPSHOT.jar!/recursos/Lessence.png', 2),
	(72, 'BRUNO', 'BULACIO', '37523834', '4554661', '0354315576330', 'BRUNO_BULACIO@HOTMAIL.COM', '1993-09-15 03:00:00', 0, 1, 'jar:file:/C:/GymMaven/target/GymMaven-1.0-SNAPSHOT.jar!/recursos/Lessence.png', 1),
	(73, 'ALEJANDRA MARIA', 'MATLEGA', '17768245', '035435451786', '450550', '0', '1966-09-05 04:00:00', 0, 2, 'jar:file:/C:/GymMaven/target/GymMaven-1.0-SNAPSHOT.jar!/recursos/Lessence.png', 2),
	(74, 'JOSE MARIA', 'ALBANESE', '17485042', '451786', '0351155510391', '0', '1966-02-01 03:00:00', 0, 1, 'jar:file:/C:/GymMaven/target/GymMaven-1.0-SNAPSHOT.jar!/recursos/Lessence.png', 1),
	(75, 'JOSE GABRIEL', 'ACTIS DANA', '38161106', '03543452149', '0351153470635', 'ACTISGABRIEL@GMAIL.COM', '1994-07-27 03:00:00', 0, 1, 'jar:file:/C:/GymMaven/target/GymMaven-1.0-SNAPSHOT.jar!/recursos/Lessence.png', 1),
	(76, 'LUCAS', 'MONTOYA', '32426840', '451485', '0354315550869', 'LUCASMONTOYA@HOTMAIL.COM', '1986-08-13 03:00:00', 0, 1, 'jar:file:/C:/GymMaven/target/GymMaven-1.0-SNAPSHOT.jar!/recursos/Lessence.png', 1),
	(77, 'MARIA LAURA', 'ORDOÑEZ', '29606574', '452131', '0354315515789', 'M.LAURAORDOÑEZ@LIVE.COM.AR', '1982-07-21 03:00:00', 0, 2, 'jar:file:/C:/GymMaven/target/GymMaven-1.0-SNAPSHOT.jar!/recursos/Lessence.png', 2),
	(78, 'JULIETA NATALIA', 'PERA', '33701016', '03543453504', '0', 'PICKU_@HOTMAIL.COM', '1988-04-12 03:00:00', 0, 2, 'jar:file:/C:/GymMaven/target/GymMaven-1.0-SNAPSHOT.jar!/recursos/Lessence.png', 1),
	(79, 'PATRICIA MABEL', 'VEGA', '2457499', '0', '0351152482547', '0', '1975-08-02 03:00:00', 0, 2, 'jar:file:/C:/GymMaven/target/GymMaven-1.0-SNAPSHOT.jar!/recursos/Lessence.png', 1),
	(80, 'ROCIO AZUL', 'BENITEZ', '40518196', '03543450498', '3543626439', 'ROBENITEZLALALA@LIVE.COM.AR', '1997-08-06 03:00:00', 0, 2, 'jar:file:/C:/GymMaven/target/GymMaven-1.0-SNAPSHOT.jar!/recursos/Lessence.png', 1),
	(81, 'VALENTINA', 'CASTILLO', '40135597', '450569', '15692495', 'vale__castillo@hotmail.com', '1998-01-28 03:00:00', 0, 2, 'jar:file:/C:/GymMaven/target/GymMaven-1.0-SNAPSHOT.jar!/recursos/Lessence.png', 1),
	(82, 'OSVALDO JOSE', 'NEGRETTE', '28708327', '03543452858', '0351153910816', '0', '1981-03-25 03:00:00', 0, 1, 'jar:file:/C:/GymMaven/target/GymMaven-1.0-SNAPSHOT.jar!/recursos/Lessence.png', 1),
	(83, 'HERNAN ALBERTO', 'MARTINEZ', '22452890', '451671', '0351155518874', 'hernanalbertomartinez@gmail.com', '1971-11-28 03:00:00', 0, 1, 'jar:file:/C:/GymMaven/target/GymMaven-1.0-SNAPSHOT.jar!/recursos/Lessence.png', 1),
	(84, 'EMILIANO', 'FERREYRA', '38329299', '03543454552', '3543510816', 'emixferre@gmail.com', '1994-05-24 03:00:00', 0, 1, 'jar:file:/C:/GymMaven/target/GymMaven-1.0-SNAPSHOT.jar!/recursos/Lessence.png', 1),
	(85, 'LAURA', 'QUERUZ CHEMES', '22564139', '455233', '0351155520768', '0', '1972-02-06 03:00:00', 0, 2, 'jar:file:/C:/GymMaven/target/GymMaven-1.0-SNAPSHOT.jar!/recursos/Lessence.png', 1),
	(86, 'LIDIA MERCEDES', 'GRUDE', '16654626', '450816', '15535386', 'mercedesgrude@hotmail.com', '1964-10-02 04:00:00', 0, 1, 'jar:file:/C:/GymMaven/target/GymMaven-1.0-SNAPSHOT.jar!/recursos/Lessence.png', 1),
	(87, 'FLORENCIA NADIN', 'BARRERA ', '36986532', '455835', '0', '0', '1992-12-11 02:00:00', 0, 2, 'jar:file:/C:/GymMaven/target/GymMaven-1.0-SNAPSHOT.jar!/recursos/Lessence.png', 1),
	(88, 'JAVIER HERNAN', 'APENDINO', '24946804', '451210', '0', 'JAVIERAPENDINO@HOTMAL.COM', '1975-09-13 03:00:00', 0, 1, 'jar:file:/C:/GymMaven/target/GymMaven-1.0-SNAPSHOT.jar!/recursos/Lessence.png', 1),
	(89, 'ERIKA', 'SAAVEDRA', '24038903', '4757706', '0351153262192', 'AGBRAL_74@HOTMAIL.COM', '1974-09-06 03:00:00', 0, 2, 'jar:file:/C:/GymMaven/target/GymMaven-1.0-SNAPSHOT.jar!/recursos/Lessence.png', 1),
	(90, 'MIRIAN PAOLA', 'CASTRO', '28582592', '03543-475633', '03543-15513632', 'PAOCASTROI868@GMAIL', '1981-06-08 03:00:00', 2, 2, 'jar:file:/C:/GymMaven/target/GymMaven-1.0-SNAPSHOT.jar!/recursos/Lessence.png', 2),
	(91, 'ELIZABETH ALEJANDRA', 'TOLOSA', '33219037', '03543451614', '03543-15573450', '', '1987-06-15 03:00:00', 2, 2, 'jar:file:/C:/GymMaven/target/GymMaven-1.0-SNAPSHOT.jar!/recursos/Lessence.png', 2),
	(92, 'MARIANA ELIZABETH', 'CEBALLOS', '32426815', '03543-', '03543-602417', 'marianaeceballos@hotmail.com', '1986-06-16 03:00:00', 3, 2, 'jar:file:/C:/GymMaven/target/GymMaven-1.0-SNAPSHOT.jar!/recursos/Lessence.png', 2),
	(93, 'ANABELLA BEATRIZ', 'BAIS', '40574665', '03543-455057', '03543-15639913', 'no tiene', '1997-08-22 03:00:00', 0, 2, 'jar:file:/C:/GymMaven/target/GymMaven-1.0-SNAPSHOT.jar!/recursos/Lessence.png', 1),
	(94, 'LEONOR', 'MALDONADO ', '32372319', 'no tiene', '0351-156968060', 'leo.maldonado@gmail.com', '1981-06-15 03:00:00', 2, 2, 'jar:file:/C:/GymMaven/target/GymMaven-1.0-SNAPSHOT.jar!/recursos/Lessence.png', 2),
	(95, 'GRACIELA', 'AYALA', '16576477', 'no tiene', '3543628264', 'dulcegema12@gmail.com', '1964-02-17 03:00:00', 0, 1, 'jar:file:/C:/GymMaven/target/GymMaven-1.0-SNAPSHOT.jar!/recursos/Lessence.png', 2),
	(96, 'ERIKA', 'KLAPPENBACH', '20873364', '0', '0354315632714', '0', '1969-08-07 04:00:00', 0, 2, 'jar:file:/C:/GymMaven/target/GymMaven-1.0-SNAPSHOT.jar!/recursos/Lessence.png', 1),
	(97, 'EMILIANO', 'DEL PICCOLO', '39419370', '453223', '15534581', 'emi_depiccolo@hotmail.com', '1996-05-08 03:00:00', 0, 1, 'jar:file:/C:/GymMaven/target/GymMaven-1.0-SNAPSHOT.jar!/recursos/Lessence.png', 1),
	(98, 'MARIA JIMENA', 'MATURANO', '29832429', '450920', '0354315538030', 'filomenadye@hotmail.com', '1983-05-27 03:00:00', 0, 2, 'jar:file:/C:/GymMaven/target/GymMaven-1.0-SNAPSHOT.jar!/recursos/Lessence.png', 1),
	(99, 'ESTEFANIA', 'VILLAN', '35869219', '0', '3543572713', '0', '1990-08-05 03:00:00', 0, 2, 'jar:file:/C:/GymMaven/target/GymMaven-1.0-SNAPSHOT.jar!/recursos/Lessence.png', 1),
	(100, 'OREANA', 'RUIZ DEL RIO', '43229435', '452882', '3543621535', 'oreana12-04-2001@hotmail.com', '2001-04-12 03:00:00', 0, 2, 'jar:file:/C:/GymMaven/target/GymMaven-1.0-SNAPSHOT.jar!/recursos/Lessence.png', 1),
	(101, 'LUNA', 'RUIZ DEL RIO', '40572224', '452882', '3543574407', 'lunaruiz151@gmail.com', '1998-02-07 03:00:00', 0, 2, 'jar:file:/C:/GymMaven/target/GymMaven-1.0-SNAPSHOT.jar!/recursos/Lessence.png', 1),
	(102, 'FLORENCIA', 'MOYANO', '30239747', '493671', '0', 'flormoyano19@hotmail.com', '1984-02-01 03:00:00', 0, 2, 'jar:file:/C:/GymMaven/target/GymMaven-1.0-SNAPSHOT.jar!/recursos/Lessence.png', 1),
	(103, 'LEANDRO MANUEL', 'REYNOSO', '35174058', '450816', '0351155503202', 'manureynoso@gotmail.com', '1990-04-27 03:00:00', 0, 1, 'jar:file:/C:/GymMaven/target/GymMaven-1.0-SNAPSHOT.jar!/recursos/Lessence.png', 1),
	(104, 'PATRICIA', 'VEGA', '24574991', '455165', '0351152482547', 'patriciavegafornoni@gmail.com', '1975-06-02 22:50:53', 0, 2, 'jar:file:/C:/GymMaven/target/GymMaven-1.0-SNAPSHOT.jar!/recursos/Lessence.png', 1),
	(105, 'LETIZIA', 'PIATTI', '30771100', '0', '0351153213681', 'piattileti@hotmail.com', '1984-02-04 03:00:00', 0, 2, 'jar:file:/C:/GymMaven/target/GymMaven-1.0-SNAPSHOT.jar!/recursos/Lessence.png', 1),
	(106, 'MARIA FERNANDA', 'GALLO', '25858149', '0', '155142304', 'arqfernandagallo@gotmail.com', '1977-05-27 03:00:00', 0, 2, 'jar:file:/C:/GymMaven/target/GymMaven-1.0-SNAPSHOT.jar!/recursos/Lessence.png', 1),
	(107, 'CAROLINA', 'FERREYRA ', '24108698', '487871', '3512023514', '0', '1975-05-13 03:00:00', 0, 2, 'jar:file:/C:/GymMaven/target/GymMaven-1.0-SNAPSHOT.jar!/recursos/Lessence.png', 1),
	(108, 'MARIA FERNANDA', 'MOYANO', '28613888', '03543-477439', '03543-15631993', 'eugeigna@hotmail.com', '1981-09-26 03:00:00', 1, 1, 'jar:file:/C:/GymMaven/target/GymMaven-1.0-SNAPSHOT.jar!/recursos/Lessence.png', 1),
	(109, 'GUSTAVO', 'FORNONI', '27272562', '03543', '03543-155129838', '', '1979-08-04 03:00:00', 2, 1, 'jar:file:/C:/GymMaven/target/GymMaven-1.0-SNAPSHOT.jar!/recursos/Lessence.png', 2),
	(110, 'MARIA ALEJANDRA', 'ORDOÑEZ', '30469221', '451992', '0354315610421', 'ALEJANDRA_MAO1@HOTMAIL.COM', '1983-08-28 03:00:00', 0, 2, 'jar:file:/C:/GymMaven/target/GymMaven-1.0-SNAPSHOT.jar!/recursos/Lessence.png', 1),
	(111, 'MARTIN', 'RODRIGUEZ', '24877392', '0', '0351155200237', 'MARTINSRODRIGUEZ@HOTMAIL.COM', '1976-01-24 03:00:00', 0, 1, 'jar:file:/C:/GymMaven/target/GymMaven-1.0-SNAPSHOT.jar!/recursos/Lessence.png', 1),
	(112, 'MARCELO PABLO', 'FASSI', '16833074', '452402', '0354315530561', 'mpfassi@gmail.com', '1965-03-13 00:00:00', 0, 1, 'jar:file:/C:/GymMaven/target/GymMaven-1.0-SNAPSHOT.jar!/recursos/Lessence.png', 2),
	(113, 'CAROLINA', 'CARRERAS', '30533895', '451682', '0354315610793', '0', '1984-03-10 03:00:00', 0, 2, 'jar:file:/C:/GymMaven/target/GymMaven-1.0-SNAPSHOT.jar!/recursos/Lessence.png', 1),
	(114, 'NOEMI MARICEL', 'VILLAN', '32356600', '0', '0354315692459', '0', '1986-08-04 03:00:00', 0, 1, 'jar:file:/C:/GymMaven/target/GymMaven-1.0-SNAPSHOT.jar!/recursos/Lessence.png', 1),
	(115, 'MELONI', 'ROGIO', '29203139', '3513076374', '0', 'licmeloni@hotmail.com', '1982-01-09 03:00:00', 0, 2, 'jar:file:/C:/GymMaven/target/GymMaven-1.0-SNAPSHOT.jar!/recursos/Lessence.png', 1),
	(116, 'MARCELO', 'REYNOSO', '14844530', '0', '155427273', '0', '1962-05-11 03:00:00', 0, 1, 'jar:file:/C:/GymMaven/target/GymMaven-1.0-SNAPSHOT.jar!/recursos/Lessence.png', 1),
	(117, 'ADRIAN', 'MENZIO', '21162220', '454485', '', '3543516966', '1969-11-29 03:00:00', 0, 1, 'jar:file:/C:/GymMaven/target/GymMaven-1.0-SNAPSHOT.jar!/recursos/Lessence.png', 1),
	(118, 'MARIA AGUSTINA', 'JUAREZ', '40572150', '0354315634139', '15534991', 'agustinita_juarez@hotmail.com', '1997-11-08 03:00:00', 0, 2, 'jar:file:/C:/GymMaven/target/GymMaven-1.0-SNAPSHOT.jar!/recursos/Lessence.png', 1),
	(119, 'MICAELA', 'VENANZONI', '36126617', '0', '0351155642488', 'mickavenanzoni@gmail.com', '1991-10-22 02:00:00', 0, 2, 'jar:file:/C:/GymMaven/target/GymMaven-1.0-SNAPSHOT.jar!/recursos/Lessence.png', 1),
	(120, 'TEODORA', 'ESCALANTE', '17178118', '0', '0', '0', '1965-04-18 04:00:00', 0, 2, 'jar:file:/C:/GymMaven/target/GymMaven-1.0-SNAPSHOT.jar!/recursos/Lessence.png', 1),
	(121, 'GABRIELA', 'MARTINEZ', '18174737', '453156', '0351152251188', 'GMARTINEZ1266@GMAIL.COM', '1966-06-06 04:00:00', 0, 2, 'jar:file:/C:/GymMaven/target/GymMaven-1.0-SNAPSHOT.jar!/recursos/Lessence.png', 1),
	(122, 'HECTOR JUAN', 'BROSIO', '28391526', '450454', '0351156332432', 'HJBROSIO@HOTMAIL.COM', '1980-01-03 03:00:00', 0, 1, 'jar:file:/C:/GymMaven/target/GymMaven-1.0-SNAPSHOT.jar!/recursos/Lessence.png', 1),
	(123, 'FLAVIA BELEN', 'TORRES', '32072386', '0351156799649', '0351157063755', 'FLA_0502@HOTMAIL.COM', '1986-02-05 03:00:00', 0, 2, 'jar:file:/C:/GymMaven/target/GymMaven-1.0-SNAPSHOT.jar!/recursos/Lessence.png', 1),
	(124, 'FRANCO', 'GALVAN', '38477547', '450879', '3543555572', '0', '1995-05-19 03:00:00', 0, 1, 'jar:file:/C:/GymMaven/target/GymMaven-1.0-SNAPSHOT.jar!/recursos/Lessence.png', 1),
	(125, 'AGUSTIN', 'PINTORE', '38281680', '452895', '0', '0', '1995-08-21 03:00:00', 0, 1, 'jar:file:/C:/GymMaven/target/GymMaven-1.0-SNAPSHOT.jar!/recursos/Lessence.png', 1),
	(126, 'MARIA BELEN', 'AGUERO', '27656897', '0351155091021', '0351156971602', 'MBAGUERO@HOTMAIL.COM', '1979-11-16 03:00:00', 0, 2, 'jar:file:/C:/GymMaven/target/GymMaven-1.0-SNAPSHOT.jar!/recursos/Lessence.png', 1),
	(127, 'GERMAN', 'LARTIGUE', '30533981', '351697102', '3515094021', 'GERMAN.LARTIGUE@HOTMAIL.COM', '1984-07-12 03:00:00', 0, 1, 'jar:file:/C:/GymMaven/target/GymMaven-1.0-SNAPSHOT.jar!/recursos/Lessence.png', 1),
	(128, 'JOAQUIN', 'FERNANDEZ', '21628778', '0', '3543588310', 'FERNANDEZ.JOAQUIN@HOTMAIL.COM', '1970-07-14 03:00:00', 0, 1, 'jar:file:/C:/GymMaven/target/GymMaven-1.0-SNAPSHOT.jar!/recursos/Lessence.png', 1),
	(129, 'JOSE ANDRES', 'MARINO', '6051275', '450137', '153483026', '0', '1943-05-25 03:00:00', 0, 1, 'jar:file:/C:/GymMaven/target/GymMaven-1.0-SNAPSHOT.jar!/recursos/Lessence.png', 1),
	(130, 'LUIS', 'ROMERO', '12653839', '452713', '15530189', '0', '1958-11-13 03:00:00', 0, 1, 'jar:file:/C:/GymMaven/target/GymMaven-1.0-SNAPSHOT.jar!/recursos/Lessence.png', 2),
	(131, 'DANA', 'FACCHINI TOMAS', '40836536', '03543-450609', '03543-572843', 'danafacchini@hotmail.com', '1998-06-27 00:00:00', 0, 2, 'jar:file:/C:/GymMaven/target/GymMaven-1.0-SNAPSHOT.jar!/recursos/Lessence.png', 1),
	(132, 'ALEJANDRO', 'SANCHEZ', '24147203', '0', '0351155994969', '0', '1974-08-27 03:00:00', 2, 1, 'jar:file:/C:/GymMaven/target/GymMaven-1.0-SNAPSHOT.jar!/recursos/Lessence.png', 2),
	(133, 'GIMENA', 'CORBALAN', '40298562', '0', '3543582685', 'GIMECORBALAN18@HOTMAIL.COM', '1997-07-05 03:00:00', 0, 2, 'jar:file:/C:/GymMaven/target/GymMaven-1.0-SNAPSHOT.jar!/recursos/Lessence.png', 1),
	(134, 'MARIA CELESTE', 'VARELA', '33695086', '153906207', '152425938', 'MARIACELESTEVARELA88@GMAIL.COM', '1988-03-22 03:00:00', 0, 2, 'jar:file:/C:/GymMaven/target/GymMaven-1.0-SNAPSHOT.jar!/recursos/Lessence.png', 1),
	(135, 'SABRINA', 'PAPIC', '40866659', '452556', '0354315314212', 'SABRINAPAPIC@OUTLOOK.ES', '1998-01-17 03:00:00', 0, 2, 'jar:file:/C:/GymMaven/target/GymMaven-1.0-SNAPSHOT.jar!/recursos/Lessence.png', 1),
	(136, 'FERNANDO', 'ROMO', '34457157', '0', '3515183561', '0', '1989-06-05 03:00:00', 0, 1, 'jar:file:/C:/GymMaven/target/GymMaven-1.0-SNAPSHOT.jar!/recursos/Lessence.png', 1),
	(137, 'FLORENCIA', 'MOYANO ', '30239741', '493671', '0', 'FLORMOYANO@HOTMAIL.COM', '1984-02-01 03:00:00', 0, 2, 'jar:file:/C:/GymMaven/target/GymMaven-1.0-SNAPSHOT.jar!/recursos/Lessence.png', 1),
	(138, 'VALENTINA', 'CASTILLO', '40835597', '450569', '1562495', 'VALE__CASTILLO@HOTMAIL.COM', '1998-01-28 03:00:00', 0, 2, 'jar:file:/C:/GymMaven/target/GymMaven-1.0-SNAPSHOT.jar!/recursos/Lessence.png', 1),
	(139, 'GIGENA', 'HERMES', '43451967', '351811657', '3512083489', 'hemeseze@hotmail.com', '2001-07-17 00:00:00', 0, 1, 'jar:file:/C:/GymMaven/target/GymMaven-1.0-SNAPSHOT.jar!/recursos/Lessence.png', 1),
	(140, 'NANCY ELIZABETH', 'RHO', '13457971', '452402', '0354315546016', '0', '1959-10-01 00:00:00', 0, 2, 'jar:file:/C:/GymMaven/target/GymMaven-1.0-SNAPSHOT.jar!/recursos/Lessence.png', 1),
	(141, 'DIEGO ALEJANDRO', 'CEBALLOS', '33117185', '03543-450340', '03543-15588506', '', '1987-06-30 00:00:00', 1, 1, 'jar:file:/C:/GymMaven/target/GymMaven-1.0-SNAPSHOT.jar!/recursos/Lessence.png', 1),
	(143, 'GABRIELA', 'NUÑEZ', '22123283', '0', '0351152145131', 'gaby.n2009@hotmail.com', '1971-06-26 00:00:00', 0, 2, 'jar:file:/C:/GymMaven/target/GymMaven-1.0-SNAPSHOT.jar!/recursos/Lessence.png', 1),
	(144, 'MARIA ELENA', 'GONZALEZ', '14365880', '452877', '0354315530632', 'MARIAELENARIOCEBALLOS@HOTMAIL.COM', '1961-02-13 00:00:00', 0, 2, 'jar:file:/C:/GymMaven/target/GymMaven-1.0-SNAPSHOT.jar!/recursos/Lessence.png', 1),
	(145, 'ELIANA', 'DAGA', '37617694', '454755', '0354315652260', 'DAGAELIANA@GMAIL.COM', '1993-04-28 00:00:00', 0, 2, 'jar:file:/C:/GymMaven/target/GymMaven-1.0-SNAPSHOT.jar!/recursos/Lessence.png', 1),
	(146, 'DANIEL', 'CIMINARI', '27197891', '0', '3515634776', '0', '1979-03-15 00:00:00', 0, 1, 'jar:file:/C:/GymMaven/target/GymMaven-1.0-SNAPSHOT.jar!/recursos/Lessence.png', 1),
	(147, 'AUGUSTO', 'GALAN', '35525527', '0', '035115242538', 'AUGUSTOGALAN7@GMAIL.COM', '1990-07-28 00:00:00', 0, 1, 'jar:file:/C:/GymMaven/target/GymMaven-1.0-SNAPSHOT.jar!/recursos/Lessence.png', 1),
	(148, 'LUCAS', 'FRANK', '43428312', '452464', '3513934711', '0', '2002-03-08 00:00:00', 0, 1, 'jar:file:/C:/GymMaven/target/GymMaven-1.0-SNAPSHOT.jar!/recursos/Lessence.png', 1),
	(149, 'VICTORIA', 'BSRRIENTOS', '44694797', '451402', '3543626194', 'luz.viki.@hotmail.com', '2003-03-24 00:00:00', 0, 2, 'jar:file:/C:/GymMaven/target/GymMaven-1.0-SNAPSHOT.jar!/recursos/Lessence.png', 1),
	(150, 'LUCIA GUADALUPE', 'CASTILLO', '36185620', '0', '0354315601275', 'lacastillo1607@gmail.com', '1991-07-16 00:00:00', 0, 0, 'jar:file:/C:/GymMaven/target/GymMaven-1.0-SNAPSHOT.jar!/recursos/Lessence.png', 1),
	(151, 'JESICA FABIANA', 'LACOSTE', '39949519', '450238', '03543618289', 'yesic_hotmail.com', '1996-10-22 00:00:00', 0, 2, 'jar:file:/C:/GymMaven/target/GymMaven-1.0-SNAPSHOT.jar!/recursos/Lessence.png', 1),
	(152, 'MARCELO PABLO', 'FASSI', '16833074', '452402', '0354315530561', 'mpfassi@gmail.com', '1965-03-13 00:00:00', 0, 1, 'jar:file:/C:/GymMaven/target/GymMaven-1.0-SNAPSHOT.jar!/recursos/Lessence.png', 1),
	(153, 'LILIANA', 'GIOVANNA', '1638195', '452290', '0352515516958', 'sergiogiovanna@arnet.com.ar', '1963-09-08 00:00:00', 0, 2, 'jar:file:/C:/GymMaven/target/GymMaven-1.0-SNAPSHOT.jar!/recursos/Lessence.png', 1),
	(154, 'ANA PAULA', 'CASTILLO', '33831323', '0', '0351156566495', 'ANAP_CASTILLO26@HOTMAIL.COM', '1988-07-26 00:00:00', 0, 2, 'jar:file:/C:/GymMaven/target/GymMaven-1.0-SNAPSHOT.jar!/recursos/Lessence.png', 1),
	(155, 'DIEGO', 'PERMIGIANI', '25490715', '450607', '3515732601', '0', '1977-01-09 00:00:00', 0, 1, 'jar:file:/C:/GymMaven/target/GymMaven-1.0-SNAPSHOT.jar!/recursos/Lessence.png', 2),
	(156, 'FRANCISCO TUFI', 'CORVERCHER FAISAL', '37320290', '454527', '35435612677', 'franciscotufi@hotmail.com', '1993-07-05 00:00:00', 0, 1, 'jar:file:/C:/GymMaven/target/GymMaven-1.0-SNAPSHOT.jar!/recursos/Lessence.png', 1),
	(157, 'MARIA CECILIA', 'IACOBELLI', '25267308', '0351155475486 (MARIDO)', '0351155380424', 'MCIACOBELLI@HOTMAIL.COM', '1976-04-18 00:00:00', 0, 2, 'jar:file:/C:/GymMaven/target/GymMaven-1.0-SNAPSHOT.jar!/recursos/Lessence.png', 1),
	(158, 'JULIETA', 'QUEVEDO ', '37195479', '454430', '0354315513526', 'juliq25@gmail.com', '1993-02-25 00:00:00', 0, 2, 'jar:file:/C:/GymMaven/target/GymMaven-1.0-SNAPSHOT.jar!/recursos/Lessence.png', 1),
	(159, 'ERIKA', 'JUNCO', '42786228', '453256', '3543618276', 'erijunco@gmail.com', '2000-07-07 00:00:00', 0, 2, 'jar:file:/C:/GymMaven/target/GymMaven-1.0-SNAPSHOT.jar!/recursos/Lessence.png', 1),
	(160, 'DANA', 'FACCHINI TOMAS', '40836536', '450609', '3543572843', 'danafacchini@hotmail.com', '1998-06-27 00:00:00', 0, 2, 'jar:file:/C:/GymMaven/target/GymMaven-1.0-SNAPSHOT.jar!/recursos/Lessence.png', 1),
	(161, 'NATALIA', 'RODRIGUEZ', '28269247', '0', '0354315513361', 'natyrodriguez185@hotmail.com', '1980-06-27 00:00:00', 0, 2, 'jar:file:/C:/GymMaven/target/GymMaven-1.0-SNAPSHOT.jar!/recursos/Lessence.png', 1),
	(162, 'VANESA ANDREA', 'ALVAREZ', '27654825', '0', '0354315636314', 'vanesaandreaalvarez@gmail.com', '1979-10-23 00:00:00', 0, 2, 'jar:file:/C:/GymMaven/target/GymMaven-1.0-SNAPSHOT.jar!/recursos/Lessence.png', 1),
	(163, 'MARIA', 'GIOVANNA', '31196931', '451417', '0352515516962', 'rocomora@hotmail.com', '1984-11-29 00:00:00', 0, 2, 'jar:file:/C:/GymMaven/target/GymMaven-1.0-SNAPSHOT.jar!/recursos/Lessence.png', 1),
	(164, 'LAUTARO', 'LIGATO', '43412476', '0', '0', '0', '2001-05-12 00:00:00', 0, 1, 'jar:file:/C:/GymMaven/target/GymMaven-1.0-SNAPSHOT.jar!/recursos/Lessence.png', 1),
	(165, 'MILTON', 'TAPIA', '24316925', '03543-1475633', '03543-15513991', 'milton.parillacorral@gmail.com', '1974-11-18 00:00:00', 2, 1, 'jar:file:/C:/GymMaven/target/GymMaven-1.0-SNAPSHOT.jar!/recursos/Lessence.png', 2),
	(166, 'ALEJANDRA', 'CACERES', '22776206', '', '0351-153456024', 'ale caceres02@hotmail.com', '1972-07-15 00:00:00', 2, 2, 'jar:file:/C:/GymMaven/target/GymMaven-1.0-SNAPSHOT.jar!/recursos/Lessence.png', 2),
	(167, 'MARIA CRITINA', 'PLAZAS', '24562379', '452398', '0354315610097', 'mcrisplazas@gmail.com', '1975-12-08 00:00:00', 0, 2, 'jar:file:/C:/GymMaven/target/GymMaven-1.0-SNAPSHOT.jar!/recursos/Lessence.png', 1),
	(168, 'FRANCA', 'MELO HEYD', '40108857', '0', '3513863573', 'FRANMELOHEYD@HOTMAIL.COM', '1996-12-23 00:00:00', 0, 2, 'jar:file:/C:/GymMaven/target/GymMaven-1.0-SNAPSHOT.jar!/recursos/Lessence.png', 1),
	(169, 'BRENA', 'POGGIO', '42356829', '475706', '3516197642', '0', '2000-02-15 00:00:00', 0, 2, 'jar:file:/C:/GymMaven/target/GymMaven-1.0-SNAPSHOT.jar!/recursos/Lessence.png', 1),
	(170, 'CAROLINA', 'BRAVO', '30533890', '450466', '0354315613448', 'CAROLINABRAVO@HOTMAIL.COM', '1984-03-03 00:00:00', 0, 2, 'jar:file:/C:/GymMaven/target/GymMaven-1.0-SNAPSHOT.jar!/recursos/Lessence.png', 1),
	(171, 'MARIANO', 'RE', '32492605', '0', '0351157375777', 'MARIANO.E-RE@GMAIL.COM', '1986-09-21 00:00:00', 0, 1, 'jar:file:/C:/GymMaven/target/GymMaven-1.0-SNAPSHOT.jar!/recursos/Lessence.png', 1),
	(172, 'LIDIA DEL CARMEN', 'LOZA', '10333767', '0354315613861', '0', 'LIDIA_LOZA@HOTMAIL.COM', '1952-09-04 00:00:00', 0, 2, 'jar:file:/C:/GymMaven/target/GymMaven-1.0-SNAPSHOT.jar!/recursos/Lessence.png', 1),
	(173, 'NATALIA SOLEDAD', 'FARIAS', '36478805', '0', '0', '0', '1991-08-13 00:00:00', 0, 2, 'jar:file:/C:/GymMaven/target/GymMaven-1.0-SNAPSHOT.jar!/recursos/Lessence.png', 1),
	(174, 'MARIA FLORENCIA', 'GIOVANNA', '33916876', '450912', '0352515437991', '0', '1989-03-02 00:00:00', 0, 2, 'jar:file:/C:/GymMaven/target/GymMaven-1.0-SNAPSHOT.jar!/recursos/Lessence.png', 1),
	(175, 'SOFIA CECILIA', 'DEAN', '29529132', '0', '3513732636', 'SOFILYD@HOTMAIL.COM', '1982-07-10 00:00:00', 0, 2, 'jar:file:/C:/GymMaven/target/GymMaven-1.0-SNAPSHOT.jar!/recursos/Lessence.png', 1),
	(176, 'MATIAS', 'TABOADA', '41266045', '487871', '3543577648', 'taboada265@gmail.com', '1997-09-17 00:00:00', 0, 1, 'jar:file:/C:/GymMaven/target/GymMaven-1.0-SNAPSHOT.jar!/recursos/Lessence.png', 1),
	(177, 'GABRIEL', 'ALASSIA', '22313756', '0', '3543576594', '0', '1971-09-25 00:00:00', 0, 1, 'jar:file:/C:/GymMaven/target/GymMaven-1.0-SNAPSHOT.jar!/recursos/Lessence.png', 1),
	(178, 'ALAN', 'MANZUR', '35959735', '0', '3543639879', 'alanmaiden1991@hotmail.com', '1991-01-29 00:00:00', 0, 1, 'jar:file:/C:/GymMaven/target/GymMaven-1.0-SNAPSHOT.jar!/recursos/Lessence.png', 1),
	(179, 'MERCEDES', 'PEPI', '32281736', '0', '0351152500555', '0', '1986-06-12 00:00:00', 0, 2, 'jar:file:/C:/GymMaven/target/GymMaven-1.0-SNAPSHOT.jar!/recursos/Lessence.png', NULL),
	(180, 'MARIA CRITINA', 'PLAZAS', '24562379', '452398', '0354315610097', 'mcrisplazas@gmail.com', '1975-12-08 00:00:00', 0, 2, 'jar:file:/C:/GymMaven/target/GymMaven-1.0-SNAPSHOT.jar!/recursos/Lessence.png', 1),
	(181, 'VERONICA', 'PIEVE', '35212024', '03543-650062', '03543-650062', 'veropieve@hotmail.com', '1990-05-28 00:00:00', 0, 2, 'jar:file:/C:/GymMaven/target/GymMaven-1.0-SNAPSHOT.jar!/recursos/Lessence.png', 1),
	(182, '', '', '', '', '', '', NULL, 0, 0, 'jar:file:/C:/GymMaven/target/GymMaven-1.0-SNAPSHOT.jar!/recursos/Lessence.png', NULL),
	(183, 'YOHANA', 'VILLAN ', '36185624', '03543-15570660', '', '', '1991-07-08 00:00:00', 1, 2, 'jar:file:/C:/GymMaven/target/GymMaven-1.0-SNAPSHOT.jar!/recursos/Lessence.png', 1),
	(184, 'BARBARA', 'BONINO', '27670162', '455931', '0354315621748', 'bbonino@hotmail.com', '1979-12-07 00:00:00', 0, 2, 'jar:file:/C:/GymMaven/target/GymMaven-1.0-SNAPSHOT.jar!/recursos/Lessence.png', 1),
	(185, 'LEANDRO', 'MARTINEZ', '23873463', '450290', '0354315582152', '0', '1974-03-27 00:00:00', 0, 1, 'jar:file:/C:/GymMaven/target/GymMaven-1.0-SNAPSHOT.jar!/recursos/Lessence.png', 1),
	(186, 'GRETEL', 'PETRICIC', '28803299', '0', '0351156182497', 'gretelpetricic@gmail.com', '1987-04-24 00:00:00', 0, 1, 'jar:file:/C:/GymMaven/target/GymMaven-1.0-SNAPSHOT.jar!/recursos/Lessence.png', 1),
	(187, 'MARIANA', 'ANDREOTTI', '30324669', '0', '3516337866', 'MARIANA_ANDREOTTI@HOTMAIL.COM', '1983-06-16 00:00:00', 0, 2, 'jar:file:/C:/GymMaven/target/GymMaven-1.0-SNAPSHOT.jar!/recursos/Lessence.png', 1),
	(188, 'MARIANA', 'PUEBLA', '23947782', '0', '0351156956856', 'MPUEBLAVALENTE@GMAIL.COM', '1974-02-01 00:00:00', 0, 2, 'jar:file:/C:/GymMaven/target/GymMaven-1.0-SNAPSHOT.jar!/recursos/Lessence.png', 1),
	(189, 'MARIA CECILIA', 'POSTAI', '22602692', '455636', '0351152487140', 'CECILIAPOSTAI@HOTMAIL.COM', '1972-07-10 00:00:00', 0, 1, 'jar:file:/C:/GymMaven/target/GymMaven-1.0-SNAPSHOT.jar!/recursos/Lessence.png', 1),
	(190, 'VALENTINA', 'CURIOTTI', '40681961', '0', '0354315633020', '0', '1997-12-26 00:00:00', 0, 2, 'jar:file:/C:/GymMaven/target/GymMaven-1.0-SNAPSHOT.jar!/recursos/Lessence.png', 1),
	(191, 'MARTINA', 'CURIOTTI', '39939095', '0', '0354315553344', '0', '1996-10-23 00:00:00', 0, 2, 'jar:file:/C:/GymMaven/target/GymMaven-1.0-SNAPSHOT.jar!/recursos/Lessence.png', 1),
	(192, 'SARA', 'ARRIETA', '42260748', '0', '03543565182', '0', '1999-12-02 00:00:00', 0, 2, 'jar:file:/C:/GymMaven/target/GymMaven-1.0-SNAPSHOT.jar!/recursos/Lessence.png', 1),
	(193, 'ANABELLA', 'AQUINO CABRAL', '41351241', '493068', '0', '0', '1999-03-17 00:00:00', 0, 2, 'jar:file:/C:/GymMaven/target/GymMaven-1.0-SNAPSHOT.jar!/recursos/Lessence.png', 1),
	(194, 'LARA', 'TEMPORINI CABRAL', '42784783', '477414', '0351156578936', 'laratemporini@hotmail.com', '2000-09-01 00:00:00', 0, 2, 'jar:file:/C:/GymMaven/target/GymMaven-1.0-SNAPSHOT.jar!/recursos/Lessence.png', 1),
	(195, 'CANDELARIA ', 'BOETSCH', '49499052', '451335', '0351152608833', '0', '2009-05-04 00:00:00', 0, 2, 'jar:file:/C:/GymMaven/target/GymMaven-1.0-SNAPSHOT.jar!/recursos/Lessence.png', 1),
	(196, 'PALOMA', 'FRANCESCHELLI', '45487767', '450271', '0351152761134', '0', '2004-06-12 00:00:00', 0, 2, 'jar:file:/C:/GymMaven/target/GymMaven-1.0-SNAPSHOT.jar!/recursos/Lessence.png', 1),
	(197, 'ISABELLA', 'ACOSTA', '47575990', '475340', '0351157055435', '0', '2006-12-22 00:00:00', 0, 2, 'jar:file:/C:/GymMaven/target/GymMaven-1.0-SNAPSHOT.jar!/recursos/Lessence.png', 1),
	(198, 'LUCIA', 'TORRES', '43061777', '492277', '1576306', '0', '2000-12-28 00:00:00', 0, 2, 'jar:file:/C:/GymMaven/target/GymMaven-1.0-SNAPSHOT.jar!/recursos/Lessence.png', 1),
	(199, 'SIVELINA SORIA', 'ORTIZ', '44474441', '', '0354315556703', 'gabyortizsoria@hotmail.comj', '2002-11-02 00:00:00', 0, 2, 'jar:file:/C:/GymMaven/target/GymMaven-1.0-SNAPSHOT.jar!/recursos/Lessence.png', 1),
	(200, 'ANDREA', 'CEBALLOS', '29207421', '0', '0351153211328', '0', '1981-10-25 00:00:00', 0, 2, 'jar:file:/C:/GymMaven/target/GymMaven-1.0-SNAPSHOT.jar!/recursos/Lessence.png', 1),
	(201, 'ANALIA CINTIA', 'ARRIETA', '28391557', '451046', '0354315632176', 'marrieta_rc@hotmail.com', '1980-10-05 00:00:00', 0, 2, 'jar:file:/C:/GymMaven/target/GymMaven-1.0-SNAPSHOT.jar!/recursos/Lessence.png', 1),
	(202, 'CECAR', 'AGUERO MATIAZZI', '24574953', '452210', '0354315621750', '', '1975-05-25 00:00:00', 0, 1, 'jar:file:/C:/GymMaven/target/GymMaven-1.0-SNAPSHOT.jar!/recursos/Lessence.png', 1),
	(203, 'CAROLINA', 'ALFIERI', '29832419', '15536207', '0', '0', NULL, 0, 2, 'jar:file:/C:/GymMaven/target/GymMaven-1.0-SNAPSHOT.jar!/recursos/Lessence.png', 1),
	(204, 'CARINA', 'ZILIO', '21557157', '0', '0351156953627', 'carinaz33@hotmail.com', '1970-03-23 00:00:00', 0, 2, 'jar:file:/C:/GymMaven/target/GymMaven-1.0-SNAPSHOT.jar!/recursos/Lessence.png', 1),
	(205, 'FERNANDO', 'FERREYRA', '27543102', '450373', '153931843', 'ferreyra248@hotmail.com', '1979-07-22 00:00:00', 0, 1, 'jar:file:/C:/GymMaven/target/GymMaven-1.0-SNAPSHOT.jar!/recursos/Lessence.png', 1),
	(206, 'ELOISA', 'JOHNSON', '24884602', '450124', '0351156563713', '0', '1975-09-04 00:00:00', 0, 2, 'jar:file:/C:/GymMaven/target/GymMaven-1.0-SNAPSHOT.jar!/recursos/Lessence.png', 1),
	(207, 'MARIANA', 'MARTIN ', '25794048', '03543-451044', '0351*-152032229', 'marianamartin77@gmail.ar', '1977-01-18 00:00:00', 2, 2, 'jar:file:/C:/GymMaven/target/GymMaven-1.0-SNAPSHOT.jar!/recursos/Lessence.png', 2),
	(208, 'EDGARDO ALEJANDRO', 'PEÑALOZA', '34440786', '03518086922', '03512289701', '0', '1989-06-25 00:00:00', 0, 1, 'jar:file:/C:/GymMaven/target/GymMaven-1.0-SNAPSHOT.jar!/recursos/Lessence.png', 1),
	(209, 'MAYRA ', 'SABAZ', '10957038', '450080', '0354315515956', '0', '1963-07-01 00:00:00', 0, 2, 'jar:file:/C:/GymMaven/target/GymMaven-1.0-SNAPSHOT.jar!/recursos/Lessence.png', 1),
	(210, 'MARIELA', 'CORRASI', '20404833', '0', '3543522988', '0', '1968-12-03 00:00:00', 0, 2, 'jar:file:/C:/GymMaven/target/GymMaven-1.0-SNAPSHOT.jar!/recursos/Lessence.png', 1),
	(211, 'MANUEL', 'ROBLES', '37523876', '452432', '0351156111327', 'manurob93@gmail.com', '1993-10-17 00:00:00', 0, 1, 'jar:file:/C:/GymMaven/target/GymMaven-1.0-SNAPSHOT.jar!/recursos/Lessence.png', 1),
	(212, 'VICTORIA GABRIELA', 'RAMIREZ', '30566987', '0', '3518086922', 'victoriayjumai@gmail.com', '1984-03-14 00:00:00', 0, 2, 'jar:file:/C:/GymMaven/target/GymMaven-1.0-SNAPSHOT.jar!/recursos/Lessence.png', 1),
	(213, 'CAROLINA', 'GUERRA', '25246889', '0351-6959495', '0351-5463053', 'caroguerra90@hotmail.com', '1976-10-08 00:00:00', 2, 2, 'jar:file:/C:/GymMaven/target/GymMaven-1.0-SNAPSHOT.jar!/recursos/Lessence.png', 2),
	(214, 'JIMENA', 'CAMPONI', '31248164', '453838', '3516715602', '0', '1985-02-07 00:00:00', 0, 2, 'jar:file:/C:/GymMaven/target/GymMaven-1.0-SNAPSHOT.jar!/recursos/Lessence.png', 1),
	(215, 'FABIO', 'BARCELO', '23427831', '', '03543155139966', '', '1973-09-24 00:00:00', 0, 1, 'jar:file:/C:/GymMaven/target/GymMaven-1.0-SNAPSHOT.jar!/recursos/Lessence.png', 1),
	(216, 'NATALIA', 'GRAIEB', '35162839', '', '0351157162680', '', '1990-06-07 00:00:00', 0, 2, 'jar:file:/C:/GymMaven/target/GymMaven-1.0-SNAPSHOT.jar!/recursos/Lessence.png', 1),
	(217, 'PAMELA YAMILA', 'TOLEDO', '31055908', '450520', '035115735501', 'pamelatoledo33@outlook.com', '1984-08-08 00:00:00', 0, 2, 'jar:file:/C:/GymMaven/target/GymMaven-1.0-SNAPSHOT.jar!/recursos/Lessence.png', 1),
	(218, 'MARISA', 'MONTECHIARI', '27572031', '', '0351153078469', 'montechmaru@hotmail.com', '1979-09-17 00:00:00', 0, 2, 'jar:file:/C:/GymMaven/target/GymMaven-1.0-SNAPSHOT.jar!/recursos/Lessence.png', 1),
	(219, 'NICOLAS', 'BASUALDO', '30847716', '454142', '0354315513961', '', '1984-07-17 00:00:00', 0, 1, 'jar:file:/C:/GymMaven/target/GymMaven-1.0-SNAPSHOT.jar!/recursos/Lessence.png', 1),
	(220, 'MARIA', 'BANDE', '25320522', '452447', '454268', '', '1976-07-21 00:00:00', 0, 2, 'jar:file:/C:/GymMaven/target/GymMaven-1.0-SNAPSHOT.jar!/recursos/Lessence.png', 1),
	(221, 'ALEJANDRO', 'SABBATINI', '23840421', '153832402', '3513491970', 'alesabba@hotmail.com', '1974-11-15 00:00:00', 0, 1, 'jar:file:/C:/GymMaven/target/GymMaven-1.0-SNAPSHOT.jar!/recursos/Lessence.png', 1),
	(222, 'PAOLA ANDREA', 'GONZALEZ', '29832413', '453708', '0354315511214', 'andre_0317@hotmail.com', '1983-05-03 00:00:00', 0, 2, 'jar:file:/C:/GymMaven/target/GymMaven-1.0-SNAPSHOT.jar!/recursos/Lessence.png', 1),
	(223, 'SOLEDAD', 'ROJAS ', '34397840', '454240', '0351153994692', '', '1989-02-16 00:00:00', 0, 2, 'jar:file:/C:/GymMaven/target/GymMaven-1.0-SNAPSHOT.jar!/recursos/Lessence.png', 1),
	(224, 'SANDRA', 'CUERVO', '22602660', '451233', '0351155290804', '', '1972-04-13 00:00:00', 0, 2, 'jar:file:/C:/GymMaven/target/GymMaven-1.0-SNAPSHOT.jar!/recursos/Lessence.png', 1),
	(225, 'ALFOSINA', 'REYNOSO', '33592205', '450816', '153870632', '', '1989-08-17 00:00:00', 0, 2, 'jar:file:/C:/GymMaven/target/GymMaven-1.0-SNAPSHOT.jar!/recursos/Lessence.png', 1),
	(226, 'FEDERICA', 'BUSSMANN', '38925363', '450721', '3543640821', 'peluzita@hotmail.com', '1996-07-29 00:00:00', 0, 2, 'jar:file:/C:/GymMaven/target/GymMaven-1.0-SNAPSHOT.jar!/recursos/Lessence.png', 1),
	(227, 'NATACHA', 'ABALOS', '27247227', '0', '0354315589366', '0', '1979-04-18 00:00:00', 0, 2, 'jar:file:/C:/GymMaven/target/GymMaven-1.0-SNAPSHOT.jar!/recursos/Lessence.png', 1),
	(228, 'MONICA', 'CEBALLOS', '22259547', '451790', '0', '0', '1971-07-31 00:00:00', 0, 2, 'jar:file:/C:/GymMaven/target/GymMaven-1.0-SNAPSHOT.jar!/recursos/Lessence.png', 1),
	(229, 'MONICA', 'MONTAÑA', '22077900', '475554', '', '', '1971-08-30 00:00:00', 0, 2, 'jar:file:/C:/GymMaven/target/GymMaven-1.0-SNAPSHOT.jar!/recursos/Lessence.png', 1),
	(230, 'LAURA', 'VILLAFAÑE', '25920207', '0', '0351157666621', 'marialauravillafañe@hotmail.com', '1977-07-29 00:00:00', 0, 2, 'jar:file:/C:/GymMaven/target/GymMaven-1.0-SNAPSHOT.jar!/recursos/Lessence.png', 1),
	(231, 'MARIA FERNANDA', 'MELETTA', '24703548', '493395', '0351153509949', '', '1975-11-21 00:00:00', 0, 2, 'jar:file:/C:/GymMaven/target/GymMaven-1.0-SNAPSHOT.jar!/recursos/Lessence.png', 1),
	(232, 'FLORENCIA SOL', 'DE VITA', '34117723', '0111567034012', '0351153092911', 'florenciadevita@hotmail.com', '1988-10-10 00:00:00', 0, 2, 'jar:file:/C:/GymMaven/target/GymMaven-1.0-SNAPSHOT.jar!/recursos/Lessence.png', 1),
	(233, 'GUADALUPE', 'CORNEJO', '23822045', '455460', '155411409', 'guadacornejo@hotmail.com', '1974-01-18 00:00:00', 0, 2, 'jar:file:/C:/GymMaven/target/GymMaven-1.0-SNAPSHOT.jar!/recursos/Lessence.png', 1),
	(234, 'GRACIELA', 'SAMPAULESSI', '11582700', '455916', '0351156779606', '', '1955-02-15 00:00:00', 0, 2, 'jar:file:/C:/GymMaven/target/GymMaven-1.0-SNAPSHOT.jar!/recursos/Lessence.png', 1),
	(235, 'MARIA SOLEDAD', 'GENNARI', '32035310', '0351155171863', '0', '0', '1985-12-28 00:00:00', 0, 2, 'jar:file:/C:/GymMaven/target/GymMaven-1.0-SNAPSHOT.jar!/recursos/Lessence.png', 1),
	(236, 'GIMENA', 'FERNANEZ', '33893889', '455660', '0351152806581', '', '1988-11-08 00:00:00', 0, 2, 'jar:file:/C:/GymMaven/target/GymMaven-1.0-SNAPSHOT.jar!/recursos/Lessence.png', 1),
	(237, 'GUILLERMO', 'VILLAREAL', '14892055', '454365', '0354315596027', '', '1961-10-14 00:00:00', 0, 1, 'jar:file:/C:/GymMaven/target/GymMaven-1.0-SNAPSHOT.jar!/recursos/Lessence.png', 1),
	(238, 'MARCOS', 'GARCIA', '30533894', '3543557603', '', '', '1984-03-05 00:00:00', 0, 1, 'jar:file:/C:/GymMaven/target/GymMaven-1.0-SNAPSHOT.jar!/recursos/Lessence.png', 1),
	(239, 'NORA ALEJNDRA', 'FERREYRA', '17045366', '454552', '15582595', '', '1965-02-20 00:00:00', 0, 2, 'jar:file:/C:/GymMaven/target/GymMaven-1.0-SNAPSHOT.jar!/recursos/Lessence.png', 1),
	(240, 'MARIA BELEN', 'QUIROGA', '29363348', '451322', '0351152469529', '', '1982-04-27 00:00:00', 0, 2, 'jar:file:/C:/GymMaven/target/GymMaven-1.0-SNAPSHOT.jar!/recursos/Lessence.png', 1),
	(241, 'ANA CAROLINA', 'BUSTAMANTE', '29609718', '0', '3517589475', '0', '1982-09-02 00:00:00', 0, 2, 'jar:file:/C:/GymMaven/target/GymMaven-1.0-SNAPSHOT.jar!/recursos/Lessence.png', 1),
	(242, 'FABIANA NOEMI', 'RODRIGUEZ', '18178960', '0354315555178', '0354315534982', '0', '1967-01-01 00:00:00', 0, 2, 'jar:file:/C:/GymMaven/target/GymMaven-1.0-SNAPSHOT.jar!/recursos/Lessence.png', 1),
	(243, 'FABIANA', 'LENCINA', '25246529', '152443766', '0441560174384', '', '1976-07-24 00:00:00', 0, 2, 'jar:file:/C:/GymMaven/target/GymMaven-1.0-SNAPSHOT.jar!/recursos/Lessence.png', 1),
	(244, 'VERONICA', 'GEBHART', '27869500', '455864', '0354315535578', '', '1980-06-04 00:00:00', 0, 2, 'jar:file:/C:/GymMaven/target/GymMaven-1.0-SNAPSHOT.jar!/recursos/Lessence.png', 1),
	(245, 'FLORENCIA', 'BERGER', '34909808', '', '0351153033777', '', '1989-12-03 00:00:00', 0, 2, 'jar:file:/C:/GymMaven/target/GymMaven-1.0-SNAPSHOT.jar!/recursos/Lessence.png', 1),
	(246, 'VIVIANA', 'MOLINA', '23295275', '0', '0354315573105', '0', '1973-07-07 00:00:00', 0, 2, 'jar:file:/C:/GymMaven/target/GymMaven-1.0-SNAPSHOT.jar!/recursos/Lessence.png', 1),
	(247, 'ADRIANA SOFIA', 'RUIZ', '14519772', '452575', '0354315618556', '0', '1961-09-29 00:00:00', 0, 2, 'jar:file:/C:/GymMaven/target/GymMaven-1.0-SNAPSHOT.jar!/recursos/Lessence.png', 1),
	(248, 'CRISTINA', 'PEREYRA', '23243551', '0', '15537228', '0', '1973-04-27 00:00:00', 0, 2, 'jar:file:/C:/GymMaven/target/GymMaven-1.0-SNAPSHOT.jar!/recursos/Lessence.png', 1),
	(249, 'DEBORA', 'ABALOS', '28391546', '0354315519363', '', '', '1980-09-07 00:00:00', 0, 2, 'jar:file:/C:/GymMaven/target/GymMaven-1.0-SNAPSHOT.jar!/recursos/Lessence.png', 1),
	(250, 'JOSE', 'MORALES', '31187795', '', '0354315612505', '', '1984-12-28 00:00:00', 0, 1, 'jar:file:/C:/GymMaven/target/GymMaven-1.0-SNAPSHOT.jar!/recursos/Lessence.png', 1),
	(251, 'JAZMIN', 'LOZA', '29238049', '', '15301545', '', '1982-02-23 00:00:00', 0, 2, 'jar:file:/C:/GymMaven/target/GymMaven-1.0-SNAPSHOT.jar!/recursos/Lessence.png', 1),
	(252, 'NAHUEL RICARDO', 'MORDINI', '33117962', '454051', '0354315619137', '', '1987-06-24 00:00:00', 0, 1, 'jar:file:/C:/GymMaven/target/GymMaven-1.0-SNAPSHOT.jar!/recursos/Lessence.png', 1),
	(253, 'CLAUDIA NOEMI', 'LOPEZ', '23607514', '', '0354315587764', '', '1973-09-28 00:00:00', 0, 2, 'jar:file:/C:/GymMaven/target/GymMaven-1.0-SNAPSHOT.jar!/recursos/Lessence.png', 1),
	(254, 'ANA ROSA', 'GOMEZ', '20431621', '455546', '035115569361', '', '1981-01-03 00:00:00', 0, 2, 'jar:file:/C:/GymMaven/target/GymMaven-1.0-SNAPSHOT.jar!/recursos/Lessence.png', 1),
	(255, 'ANA BELEN', 'ARRITA NEGRETTI', '39175802', '454163', '', 'ann_08_hotmail.com', '1995-10-16 00:00:00', 0, 2, 'jar:file:/C:/GymMaven/target/GymMaven-1.0-SNAPSHOT.jar!/recursos/Lessence.png', 1),
	(256, 'ALEJANDRA', 'VALENZUELA', '17510176', '452301', '15543183', '', '1965-11-17 00:00:00', 0, 2, 'jar:file:/C:/GymMaven/target/GymMaven-1.0-SNAPSHOT.jar!/recursos/Lessence.png', 1),
	(257, 'ALEJANDRA', 'MURUA', '17768278', '454815', '3543534991', 'alejandramurua@gmail.com', '1966-10-08 00:00:00', 0, 2, 'jar:file:/C:/GymMaven/target/GymMaven-1.0-SNAPSHOT.jar!/recursos/Lessence.png', 1),
	(258, 'JAQUELINA', 'MARINO', '26642472', '03543-453703', '0351-153861190', '', '1978-08-06 00:00:00', 0, 2, 'jar:file:/C:/GymMaven/target/GymMaven-1.0-SNAPSHOT.jar!/recursos/Lessence.png', 1),
	(259, 'GISELA', 'LUDUEÑA', '36621398', '', '0354315635587', 'giselaludueña503@gmail.com', '1992-07-25 00:00:00', 0, 2, 'jar:file:/C:/GymMaven/target/GymMaven-1.0-SNAPSHOT.jar!/recursos/Lessence.png', 1),
	(260, 'JORGE', 'ASSUSA', '37872599', '', '3543553973', '', '1994-11-04 00:00:00', 0, 1, 'jar:file:/C:/GymMaven/target/GymMaven-1.0-SNAPSHOT.jar!/recursos/Lessence.png', 1),
	(261, 'JAQUELINA', 'MARINO', '26642472', '453703', '0351153861190', 'yacomarino@gmail.com', '1978-08-06 00:00:00', 0, 2, 'jar:file:/C:/GymMaven/target/GymMaven-1.0-SNAPSHOT.jar!/recursos/Lessence.png', 1),
	(262, 'MARIA EUGENIA', 'SOLE ', '29238082', '450960', '0354315581705', 'eugeniasole@hotmail.com', '1982-04-21 00:00:00', 0, 2, 'jar:file:/C:/GymMaven/target/GymMaven-1.0-SNAPSHOT.jar!/recursos/Lessence.png', 1),
	(263, 'LAURA', 'PERALTA', '23458987', '450539', '0', '0', '1973-07-06 00:00:00', 0, 2, 'jar:file:/C:/GymMaven/target/GymMaven-1.0-SNAPSHOT.jar!/recursos/Lessence.png', 1),
	(264, 'LILIANA GRACIELA', 'LUQUE', '24221854', '0351157669355', '0354315555229', '', '1975-02-19 00:00:00', 0, 2, 'jar:file:/C:/GymMaven/target/GymMaven-1.0-SNAPSHOT.jar!/recursos/Lessence.png', 1),
	(265, 'MARIA MARCELA', 'MALDONADO', '23734074', '0354315534725', '', '', '1974-11-10 00:00:00', 0, 2, 'jar:file:/C:/GymMaven/target/GymMaven-1.0-SNAPSHOT.jar!/recursos/Lessence.png', 1),
	(266, 'MARCELO', 'ALVAREZ', '23295297', '', '0351152453091', '', '1973-07-26 00:00:00', 0, 1, 'jar:file:/C:/GymMaven/target/GymMaven-1.0-SNAPSHOT.jar!/recursos/Lessence.png', 1),
	(267, 'VANESA', 'GONZALEZ', '29271963', '', '3543551374', '', '1982-02-12 00:00:00', 0, 2, 'jar:file:/C:/GymMaven/target/GymMaven-1.0-SNAPSHOT.jar!/recursos/Lessence.png', 1),
	(268, 'VANESA', 'MANTERO', '27079358', '0351155210623', '0351153295715', 'anfora2222@hotmail.com', '1979-01-27 00:00:00', 0, 2, 'jar:file:/C:/GymMaven/target/GymMaven-1.0-SNAPSHOT.jar!/recursos/Lessence.png', 1),
	(269, 'SILVANA', 'MONTIEL', '31558950', '', '0354315575271', '', '1985-05-02 00:00:00', 0, 2, 'jar:file:/C:/GymMaven/target/GymMaven-1.0-SNAPSHOT.jar!/recursos/Lessence.png', 1),
	(270, 'MACARENA', 'ITERMAN', '37872464', '452702', '0351156884317', 'macca_iterman@hotmail.com', '1994-03-27 00:00:00', 0, 2, 'jar:file:/C:/GymMaven/target/GymMaven-1.0-SNAPSHOT.jar!/recursos/Lessence.png', 1),
	(271, 'MELISA', 'MONTIEL', '40684235', '', '0354315572883', '', '1997-08-31 00:00:00', 0, 2, 'jar:file:/C:/GymMaven/target/GymMaven-1.0-SNAPSHOT.jar!/recursos/Lessence.png', 1),
	(272, 'MARCELA', 'ELIAS', '24401083', '', '0351155746414', 'marcelias04@hotmail.com', '1975-06-17 00:00:00', 0, 2, 'jar:file:/C:/GymMaven/target/GymMaven-1.0-SNAPSHOT.jar!/recursos/Lessence.png', 1),
	(273, 'GISELA', 'DIAZ', '27296915', '0354315551789', '0354315656118', '', '1979-03-30 00:00:00', 0, 2, 'jar:file:/C:/GymMaven/target/GymMaven-1.0-SNAPSHOT.jar!/recursos/Lessence.png', 1),
	(274, 'LUCAS', 'CABALLERO', '38105539', '452204', '0354315514145', '', '1994-02-26 00:00:00', 0, 1, 'jar:file:/C:/GymMaven/target/GymMaven-1.0-SNAPSHOT.jar!/recursos/Lessence.png', 1),
	(275, 'ELIZABETH', 'RODRIGUEZ ', '28115258', '450607', '', 'laelirodriguez@hotmail.com', '1980-04-10 00:00:00', 0, 2, 'jar:file:/C:/GymMaven/target/GymMaven-1.0-SNAPSHOT.jar!/recursos/Lessence.png', 1),
	(276, 'ALVARO', 'PORCEL DE PERALTA', '25950794', '', '3517664092', 'aperalta13@hotmail.com', '1977-08-13 00:00:00', 0, 1, 'jar:file:/C:/GymMaven/target/GymMaven-1.0-SNAPSHOT.jar!/recursos/Lessence.png', 1),
	(277, 'JUAN PABLO', 'RIGHETTI', '33776025', '452671', '15570569', '', '1988-05-30 00:00:00', 0, 1, 'jar:file:/C:/GymMaven/target/GymMaven-1.0-SNAPSHOT.jar!/recursos/Lessence.png', 1),
	(278, 'ARMANDO', 'PONTIERI', '12361723', '', '0354315512306', '', '1956-08-21 00:00:00', 0, 1, 'jar:file:/C:/GymMaven/target/GymMaven-1.0-SNAPSHOT.jar!/recursos/Lessence.png', 1),
	(279, 'NATALIA', 'SARMIENTO', '25728982', '', '15574686', 'nataliasarmiento950@gmail.com', '1971-03-24 00:00:00', 0, 2, 'jar:file:/C:/GymMaven/target/GymMaven-1.0-SNAPSHOT.jar!/recursos/Lessence.png', 1),
	(280, 'LUCIANO', 'GARIBOTTO', '35667315', '', '0354315573027', 'LUVIANO_GARIBOTTO@HOTMAIL.COM', '1991-02-08 00:00:00', 0, 1, 'jar:file:/C:/GymMaven/target/GymMaven-1.0-SNAPSHOT.jar!/recursos/Lessence.png', 1),
	(281, 'CARLOS', 'GARIBOTTO', '28582554', '', '3512400617', 'carlosgaribotto@hotmail.com', '1981-03-07 00:00:00', 0, 1, 'jar:file:/C:/GymMaven/target/GymMaven-1.0-SNAPSHOT.jar!/recursos/Lessence.png', 1);
/*!40000 ALTER TABLE `personas` ENABLE KEYS */;


-- Volcando estructura para tabla gym.personas_domicilios
CREATE TABLE IF NOT EXISTS `personas_domicilios` (
  `idDomicilio` int(11) NOT NULL,
  `idPersona` int(11) NOT NULL,
  `ORDEN` int(11) NOT NULL,
  PRIMARY KEY (`idPersona`,`ORDEN`),
  KEY `FK_hbugn8tttyh90iyw2uum40oli` (`idDomicilio`),
  CONSTRAINT `FK_hbugn8tttyh90iyw2uum40oli` FOREIGN KEY (`idDomicilio`) REFERENCES `domicilios` (`idDomicilio`),
  CONSTRAINT `FK_pypo5d6sxrhisk8w4rwdn1y8s` FOREIGN KEY (`idPersona`) REFERENCES `personas` (`idPersona`)
) ENGINE=InnoDB DEFAULT CHARSET=latin1;

-- Volcando datos para la tabla gym.personas_domicilios: ~408 rows (aproximadamente)
/*!40000 ALTER TABLE `personas_domicilios` DISABLE KEYS */;
INSERT INTO `personas_domicilios` (`idDomicilio`, `idPersona`, `ORDEN`) VALUES
	(1, 1, 0),
	(2, 2, 0),
	(3, 3, 0),
	(4, 4, 0),
	(5, 5, 0),
	(6, 6, 0),
	(7, 7, 0),
	(8, 8, 0),
	(8, 8, 1),
	(9, 9, 0),
	(10, 10, 0),
	(10, 10, 1),
	(11, 11, 0),
	(12, 12, 0),
	(13, 13, 0),
	(14, 14, 0),
	(14, 14, 1),
	(15, 15, 0),
	(15, 15, 1),
	(15, 15, 2),
	(15, 15, 3),
	(15, 15, 4),
	(16, 16, 0),
	(18, 18, 0),
	(18, 18, 1),
	(19, 19, 0),
	(19, 19, 1),
	(19, 19, 2),
	(19, 19, 3),
	(19, 19, 4),
	(19, 19, 5),
	(19, 19, 6),
	(21, 21, 0),
	(21, 21, 1),
	(21, 21, 2),
	(21, 21, 3),
	(21, 21, 4),
	(22, 22, 0),
	(22, 22, 1),
	(24, 25, 0),
	(25, 26, 0),
	(25, 26, 1),
	(26, 27, 0),
	(26, 27, 1),
	(27, 28, 0),
	(27, 28, 1),
	(27, 28, 2),
	(28, 29, 0),
	(28, 29, 1),
	(28, 29, 2),
	(28, 29, 3),
	(28, 29, 4),
	(28, 29, 5),
	(28, 29, 6),
	(28, 29, 7),
	(29, 30, 0),
	(30, 31, 0),
	(30, 31, 1),
	(31, 32, 0),
	(31, 32, 1),
	(32, 33, 0),
	(32, 33, 1),
	(32, 33, 2),
	(33, 34, 0),
	(33, 34, 1),
	(34, 35, 0),
	(34, 35, 1),
	(34, 35, 2),
	(35, 36, 0),
	(35, 36, 1),
	(35, 36, 2),
	(36, 37, 0),
	(36, 37, 1),
	(36, 37, 2),
	(36, 37, 3),
	(37, 38, 0),
	(38, 39, 0),
	(39, 40, 0),
	(40, 41, 0),
	(40, 41, 1),
	(40, 41, 2),
	(41, 42, 0),
	(42, 43, 0),
	(42, 43, 1),
	(43, 44, 0),
	(43, 44, 1),
	(44, 45, 0),
	(44, 45, 1),
	(45, 46, 0),
	(45, 46, 1),
	(46, 47, 0),
	(46, 47, 1),
	(47, 48, 0),
	(48, 49, 0),
	(48, 49, 1),
	(48, 49, 2),
	(49, 50, 0),
	(50, 51, 0),
	(51, 52, 0),
	(52, 53, 0),
	(53, 54, 0),
	(53, 54, 1),
	(54, 55, 0),
	(54, 55, 1),
	(54, 55, 2),
	(55, 56, 0),
	(55, 56, 1),
	(56, 57, 0),
	(56, 57, 1),
	(57, 58, 0),
	(57, 58, 1),
	(57, 58, 2),
	(57, 58, 3),
	(58, 59, 0),
	(58, 59, 1),
	(59, 60, 0),
	(59, 60, 1),
	(60, 61, 0),
	(60, 61, 1),
	(60, 61, 2),
	(60, 61, 3),
	(60, 61, 4),
	(60, 61, 5),
	(61, 62, 0),
	(61, 62, 1),
	(61, 62, 2),
	(61, 62, 3),
	(62, 63, 0),
	(62, 63, 1),
	(63, 64, 0),
	(63, 64, 1),
	(63, 64, 2),
	(63, 64, 3),
	(63, 64, 4),
	(64, 65, 0),
	(64, 65, 1),
	(65, 66, 0),
	(65, 66, 1),
	(66, 67, 0),
	(66, 67, 1),
	(67, 68, 0),
	(67, 68, 1),
	(68, 69, 0),
	(68, 69, 1),
	(69, 70, 0),
	(69, 70, 1),
	(69, 70, 2),
	(70, 71, 0),
	(70, 71, 1),
	(70, 71, 2),
	(70, 71, 3),
	(70, 71, 4),
	(71, 72, 0),
	(71, 72, 1),
	(71, 72, 2),
	(72, 73, 0),
	(72, 73, 1),
	(73, 74, 0),
	(73, 74, 1),
	(74, 75, 0),
	(74, 75, 1),
	(74, 75, 2),
	(74, 75, 3),
	(75, 76, 0),
	(75, 76, 1),
	(75, 76, 2),
	(76, 77, 0),
	(77, 78, 0),
	(78, 79, 0),
	(79, 80, 0),
	(80, 81, 0),
	(81, 82, 0),
	(82, 83, 0),
	(82, 83, 1),
	(83, 84, 0),
	(84, 85, 0),
	(84, 85, 1),
	(84, 85, 2),
	(84, 85, 3),
	(85, 86, 0),
	(85, 86, 1),
	(86, 87, 0),
	(86, 87, 1),
	(86, 87, 2),
	(87, 88, 0),
	(87, 88, 1),
	(87, 88, 2),
	(88, 89, 0),
	(88, 89, 1),
	(89, 90, 0),
	(89, 90, 1),
	(89, 90, 2),
	(90, 91, 0),
	(90, 91, 1),
	(91, 92, 0),
	(91, 92, 1),
	(91, 92, 2),
	(92, 93, 0),
	(92, 93, 1),
	(93, 94, 0),
	(94, 95, 0),
	(94, 95, 1),
	(94, 95, 2),
	(94, 95, 3),
	(94, 95, 4),
	(95, 96, 0),
	(96, 97, 0),
	(96, 97, 1),
	(96, 97, 2),
	(97, 98, 0),
	(97, 98, 1),
	(98, 99, 0),
	(99, 100, 0),
	(100, 101, 0),
	(101, 102, 0),
	(102, 103, 0),
	(102, 103, 1),
	(102, 103, 2),
	(103, 104, 0),
	(103, 104, 1),
	(104, 105, 0),
	(105, 106, 0),
	(105, 106, 1),
	(106, 107, 0),
	(106, 107, 1),
	(107, 108, 0),
	(107, 108, 1),
	(108, 109, 0),
	(108, 109, 1),
	(108, 109, 2),
	(108, 109, 3),
	(109, 110, 0),
	(110, 111, 0),
	(110, 111, 1),
	(111, 112, 0),
	(111, 112, 1),
	(112, 113, 0),
	(112, 113, 1),
	(112, 113, 2),
	(113, 114, 0),
	(113, 114, 1),
	(113, 114, 2),
	(113, 114, 3),
	(114, 115, 0),
	(115, 116, 0),
	(115, 116, 1),
	(115, 116, 2),
	(116, 117, 0),
	(116, 117, 1),
	(116, 117, 2),
	(117, 118, 0),
	(117, 118, 1),
	(117, 118, 2),
	(118, 119, 0),
	(119, 120, 0),
	(119, 120, 1),
	(120, 121, 0),
	(121, 122, 0),
	(121, 122, 1),
	(122, 123, 0),
	(122, 123, 1),
	(123, 124, 0),
	(123, 124, 1),
	(123, 124, 2),
	(124, 125, 0),
	(125, 126, 0),
	(126, 127, 0),
	(127, 128, 0),
	(128, 129, 0),
	(128, 129, 1),
	(129, 130, 0),
	(129, 130, 1),
	(129, 130, 2),
	(129, 130, 3),
	(129, 130, 4),
	(130, 131, 0),
	(130, 131, 1),
	(130, 131, 2),
	(130, 131, 3),
	(131, 132, 0),
	(132, 133, 0),
	(132, 133, 1),
	(133, 134, 0),
	(134, 135, 0),
	(135, 136, 0),
	(135, 136, 1),
	(135, 136, 2),
	(136, 137, 0),
	(137, 138, 0),
	(137, 138, 1),
	(138, 139, 0),
	(138, 139, 1),
	(138, 139, 2),
	(139, 140, 0),
	(139, 140, 1),
	(140, 141, 0),
	(140, 141, 1),
	(140, 141, 2),
	(140, 141, 3),
	(140, 141, 4),
	(142, 143, 0),
	(143, 144, 0),
	(144, 145, 0),
	(144, 145, 1),
	(145, 146, 0),
	(145, 146, 1),
	(146, 147, 0),
	(147, 148, 0),
	(148, 149, 0),
	(149, 150, 0),
	(150, 151, 0),
	(151, 152, 0),
	(152, 153, 0),
	(153, 154, 0),
	(154, 155, 0),
	(154, 155, 1),
	(155, 156, 0),
	(156, 157, 0),
	(157, 158, 0),
	(158, 159, 0),
	(159, 160, 0),
	(160, 161, 0),
	(160, 161, 1),
	(161, 162, 0),
	(162, 163, 0),
	(163, 164, 0),
	(164, 165, 0),
	(164, 165, 1),
	(165, 166, 0),
	(166, 167, 0),
	(166, 167, 1),
	(166, 167, 2),
	(167, 168, 0),
	(168, 169, 0),
	(169, 170, 0),
	(170, 171, 0),
	(170, 171, 1),
	(170, 171, 2),
	(171, 172, 0),
	(172, 173, 0),
	(173, 174, 0),
	(174, 175, 0),
	(174, 175, 1),
	(175, 176, 0),
	(175, 176, 1),
	(175, 176, 2),
	(176, 177, 0),
	(176, 177, 1),
	(176, 177, 2),
	(176, 177, 3),
	(177, 178, 0),
	(178, 179, 0),
	(179, 180, 0),
	(180, 181, 0),
	(181, 182, 0),
	(182, 183, 0),
	(183, 184, 0),
	(184, 185, 0),
	(184, 185, 1),
	(185, 186, 0),
	(186, 187, 0),
	(187, 188, 0),
	(188, 189, 0),
	(189, 190, 0),
	(189, 190, 1),
	(190, 191, 0),
	(190, 191, 1),
	(191, 192, 0),
	(191, 192, 1),
	(192, 193, 0),
	(192, 193, 1),
	(193, 194, 0),
	(193, 194, 1),
	(194, 195, 0),
	(194, 195, 1),
	(195, 196, 0),
	(195, 196, 1),
	(196, 197, 0),
	(196, 197, 1),
	(197, 198, 0),
	(197, 198, 1),
	(198, 199, 0),
	(198, 199, 1),
	(199, 200, 0),
	(199, 200, 1),
	(200, 201, 0),
	(201, 202, 0),
	(201, 202, 1),
	(202, 203, 0),
	(202, 203, 1),
	(203, 204, 0),
	(203, 204, 1),
	(204, 205, 0),
	(204, 205, 1),
	(205, 206, 0),
	(205, 206, 1),
	(206, 207, 0),
	(206, 207, 1),
	(207, 208, 0),
	(207, 208, 1),
	(208, 209, 0),
	(208, 209, 1),
	(209, 210, 0),
	(210, 211, 0),
	(211, 212, 0),
	(212, 213, 0),
	(213, 214, 0),
	(213, 214, 1),
	(214, 215, 0),
	(214, 215, 1),
	(215, 216, 0),
	(215, 216, 1),
	(216, 217, 0),
	(217, 218, 0),
	(217, 218, 1),
	(218, 219, 0),
	(218, 219, 1),
	(219, 220, 0),
	(219, 220, 1),
	(220, 221, 0),
	(221, 222, 0),
	(221, 222, 1),
	(222, 223, 0),
	(222, 223, 1),
	(223, 224, 0),
	(223, 224, 1),
	(224, 225, 0),
	(224, 225, 1),
	(225, 226, 0),
	(225, 226, 1),
	(225, 226, 2),
	(226, 227, 0),
	(226, 227, 1),
	(227, 228, 0),
	(228, 229, 0),
	(229, 230, 0),
	(230, 231, 0),
	(231, 232, 0),
	(232, 233, 0),
	(233, 234, 0),
	(234, 235, 0),
	(235, 236, 0),
	(236, 237, 0),
	(237, 238, 0),
	(238, 239, 0),
	(239, 240, 0),
	(240, 241, 0),
	(241, 242, 0),
	(242, 243, 0),
	(243, 244, 0),
	(244, 245, 0),
	(245, 246, 0),
	(246, 247, 0),
	(247, 248, 0),
	(248, 249, 0),
	(249, 250, 0),
	(250, 251, 0),
	(251, 252, 0),
	(252, 253, 0),
	(253, 254, 0),
	(254, 255, 0),
	(255, 256, 0),
	(256, 257, 0),
	(257, 258, 0),
	(258, 259, 0),
	(259, 260, 0),
	(260, 261, 0),
	(261, 262, 0),
	(262, 263, 0),
	(263, 264, 0),
	(264, 265, 0),
	(265, 266, 0),
	(266, 267, 0),
	(267, 268, 0),
	(268, 269, 0),
	(269, 270, 0),
	(270, 271, 0),
	(271, 272, 0),
	(272, 273, 0),
	(273, 274, 0),
	(273, 274, 1),
	(274, 275, 0),
	(275, 276, 0),
	(275, 276, 1),
	(276, 277, 0),
	(277, 278, 0),
	(278, 279, 0),
	(279, 280, 0),
	(279, 280, 1),
	(280, 281, 0);
/*!40000 ALTER TABLE `personas_domicilios` ENABLE KEYS */;


-- Volcando estructura para tabla gym.profesores
CREATE TABLE IF NOT EXISTS `profesores` (
  `idProfesor` int(11) NOT NULL AUTO_INCREMENT,
  `fechaAlta` datetime DEFAULT NULL,
  `documento1` varchar(255) DEFAULT NULL,
  `documento2` varchar(255) DEFAULT NULL,
  `persona` int(11) DEFAULT NULL,
  `idEstado` int(11) DEFAULT NULL,
  PRIMARY KEY (`idProfesor`),
  KEY `FK_cbcq765e57yhl3tt328506gd2` (`persona`),
  KEY `FK_p4xkvwuocbu8hu7b31yydi57m` (`idEstado`),
  CONSTRAINT `FK_cbcq765e57yhl3tt328506gd2` FOREIGN KEY (`persona`) REFERENCES `personas` (`idPersona`),
  CONSTRAINT `FK_p4xkvwuocbu8hu7b31yydi57m` FOREIGN KEY (`idEstado`) REFERENCES `estados` (`idEstado`)
) ENGINE=InnoDB AUTO_INCREMENT=7 DEFAULT CHARSET=latin1;

-- Volcando datos para la tabla gym.profesores: ~6 rows (aproximadamente)
/*!40000 ALTER TABLE `profesores` DISABLE KEYS */;
INSERT INTO `profesores` (`idProfesor`, `fechaAlta`, `documento1`, `documento2`, `persona`, `idEstado`) VALUES
	(1, '2016-08-31 19:13:43', '1', '1', 1, 1),
	(2, '2016-08-31 19:13:44', '', '', 2, 1),
	(3, '2016-08-31 19:13:46', '', '', 3, 1),
	(4, '2016-08-31 19:13:47', '', '', 4, 1),
	(5, '2016-08-31 19:13:48', '', '', 5, 1),
	(6, '2016-08-31 19:13:49', '', '', 6, 1);
/*!40000 ALTER TABLE `profesores` ENABLE KEYS */;


-- Volcando estructura para tabla gym.profesores_actividades
CREATE TABLE IF NOT EXISTS `profesores_actividades` (
  `idActividad` int(11) NOT NULL,
  `idProfesor` int(11) NOT NULL,
  `Orden` int(11) NOT NULL,
  KEY `FK_sxxw1s501qlq5mhdpktotos8c` (`idProfesor`),
  KEY `FK_1cwlxi965m2ncqs44lhgecrn0` (`idActividad`),
  CONSTRAINT `FK_1cwlxi965m2ncqs44lhgecrn0` FOREIGN KEY (`idActividad`) REFERENCES `actividades` (`idActividad`),
  CONSTRAINT `FK_sxxw1s501qlq5mhdpktotos8c` FOREIGN KEY (`idProfesor`) REFERENCES `profesores` (`idProfesor`)
) ENGINE=InnoDB DEFAULT CHARSET=latin1;

-- Volcando datos para la tabla gym.profesores_actividades: ~0 rows (aproximadamente)
/*!40000 ALTER TABLE `profesores_actividades` DISABLE KEYS */;
/*!40000 ALTER TABLE `profesores_actividades` ENABLE KEYS */;


-- Volcando estructura para tabla gym.provincias
CREATE TABLE IF NOT EXISTS `provincias` (
  `idProvincia` int(11) NOT NULL AUTO_INCREMENT,
  `provincia` varchar(255) DEFAULT NULL,
  PRIMARY KEY (`idProvincia`)
) ENGINE=InnoDB AUTO_INCREMENT=2 DEFAULT CHARSET=latin1;

-- Volcando datos para la tabla gym.provincias: ~1 rows (aproximadamente)
/*!40000 ALTER TABLE `provincias` DISABLE KEYS */;
INSERT INTO `provincias` (`idProvincia`, `provincia`) VALUES
	(1, 'Córdoba');
/*!40000 ALTER TABLE `provincias` ENABLE KEYS */;


-- Volcando estructura para tabla gym.registroasistencias
CREATE TABLE IF NOT EXISTS `registroasistencias` (
  `idRegistroAsistencia` int(11) NOT NULL AUTO_INCREMENT,
  `fecha` datetime DEFAULT NULL,
  `socio` int(11) DEFAULT NULL,
  `relacion` int(11) DEFAULT NULL,
  PRIMARY KEY (`idRegistroAsistencia`),
  KEY `FK_9qwoks0e9p32f5jcypk637kr` (`socio`),
  KEY `FK_bovmw3ud2sx2ldajcdvwpff7a` (`relacion`),
  CONSTRAINT `FK_9qwoks0e9p32f5jcypk637kr` FOREIGN KEY (`socio`) REFERENCES `socios` (`idSocio`),
  CONSTRAINT `FK_bovmw3ud2sx2ldajcdvwpff7a` FOREIGN KEY (`relacion`) REFERENCES `relaciones` (`idRelacion`)
) ENGINE=InnoDB AUTO_INCREMENT=499 DEFAULT CHARSET=latin1;

-- Volcando datos para la tabla gym.registroasistencias: ~370 rows (aproximadamente)
/*!40000 ALTER TABLE `registroasistencias` DISABLE KEYS */;
INSERT INTO `registroasistencias` (`idRegistroAsistencia`, `fecha`, `socio`, `relacion`) VALUES
	(1, '2015-10-05 20:23:16', 8, 23),
	(2, '2015-10-05 21:25:01', 8, 23),
	(3, '2016-10-05 21:31:13', 8, 23),
	(4, '2015-10-06 10:29:39', 97, 23),
	(5, '2016-10-06 15:08:49', 67, 23),
	(6, '2016-10-06 15:32:54', 23, 23),
	(7, '2015-10-06 16:52:25', 33, 23),
	(8, '2015-10-06 17:12:38', 77, 23),
	(9, '2015-10-06 19:00:55', 125, 12),
	(10, '2015-10-06 19:03:38', 125, 12),
	(11, '2015-10-06 19:05:12', 100, 19),
	(12, '2016-10-06 19:10:37', 89, 23),
	(13, '2016-10-06 19:15:23', 68, 23),
	(14, '2015-10-06 19:41:26', 124, 23),
	(15, '2015-10-06 19:50:58', 8, 23),
	(16, '2015-10-06 19:54:35', 98, 3),
	(17, '2016-10-06 20:50:57', 110, 23),
	(18, '2015-10-06 20:55:35', 149, 23),
	(19, '2015-10-06 20:59:50', 67, 4),
	(20, '2015-10-06 21:00:15', 68, 4),
	(21, '2015-10-06 21:06:27', 106, 1),
	(22, '2016-10-06 21:11:28', 106, 1),
	(23, '2016-10-06 21:21:55', 134, 1),
	(24, '2016-10-06 21:23:33', 134, 1),
	(25, '2016-10-06 21:25:46', 82, 4),
	(26, '2016-10-06 21:35:55', 43, 4),
	(27, '2016-10-06 21:37:12', 79, 4),
	(28, '2016-10-07 08:55:05', 23, 23),
	(29, '2015-10-07 08:59:07', 140, 23),
	(30, '2016-10-07 10:53:30', 159, 51),
	(31, '2016-10-07 10:57:11', 135, 23),
	(32, '2015-10-07 15:22:25', 70, 23),
	(33, '2015-10-07 15:22:49', 66, 23),
	(34, '2015-10-07 16:11:19', 70, 23),
	(35, '2016-10-07 16:12:29', 43, 4),
	(36, '2016-10-07 16:52:26', 82, 4),
	(37, '2015-10-07 17:36:03', 130, 23),
	(38, '2016-10-07 17:44:09', 87, 23),
	(39, '2016-10-07 17:46:00', 130, 23),
	(40, '2015-10-07 17:46:19', 130, 23),
	(41, '2016-10-07 18:06:25', 36, 18),
	(42, '2015-10-07 19:04:08', 114, 12),
	(43, '2016-10-07 20:11:30', 58, 23),
	(44, '2016-10-07 20:23:02', 116, 23),
	(45, '2016-10-08 11:26:30', 61, 23),
	(46, '2016-10-11 09:10:09', 112, 23),
	(47, '2016-10-11 09:11:56', 159, 51),
	(48, '2016-10-11 10:27:28', 58, 23),
	(49, '2016-10-11 10:28:04', 151, 23),
	(50, '2016-10-11 17:27:33', 31, 42),
	(51, '2016-10-11 17:46:57', 110, 23),
	(52, '2016-10-11 17:47:21', 107, 23),
	(53, '2016-10-11 17:58:44', 89, 23),
	(54, '2016-10-11 18:03:01', 129, 23),
	(55, '2016-10-11 19:01:00', 124, 23),
	(56, '2016-10-11 19:09:20', 108, 12),
	(57, '2016-10-11 20:01:35', 36, 18),
	(58, '2016-10-11 20:44:49', 100, 19),
	(59, '2016-10-11 21:00:40', 67, 4),
	(60, '2016-10-11 21:00:59', 68, 4),
	(61, '2016-10-11 21:23:10', 149, 23),
	(62, '2016-10-12 09:15:44', 170, 23),
	(63, '2016-10-12 09:26:29', 32, 42),
	(64, '2016-10-12 09:45:41', 84, 17),
	(65, '2016-10-12 09:47:16', 159, 51),
	(66, '2016-10-12 18:39:05', 61, 23),
	(67, '2016-10-12 19:07:22', 8, 23),
	(68, '2016-10-12 19:08:04', 125, 12),
	(69, '2016-10-12 19:30:34', 116, 23),
	(70, '2016-10-12 19:41:30', 165, 23),
	(71, '2016-10-12 19:58:25', 162, 1),
	(72, '2016-10-12 20:00:12', 106, 1),
	(73, '2016-10-12 20:00:34', 134, 1),
	(74, '2016-10-12 20:18:21', 103, 23),
	(75, '2016-10-12 20:19:14', 52, 23),
	(76, '2016-10-12 21:07:27', 137, 3),
	(77, '2016-10-13 16:08:15', 140, 23),
	(78, '2016-10-13 16:32:41', 70, 23),
	(79, '2016-10-13 16:35:33', 70, 23),
	(80, '2016-10-13 17:13:21', 58, 23),
	(81, '2016-10-13 18:46:30', 117, 23),
	(82, '2016-10-13 19:05:54', 100, 19),
	(83, '2016-10-13 19:15:56', 170, 23),
	(84, '2016-10-13 19:17:34', 101, 23),
	(85, '2016-10-13 19:41:34', 124, 23),
	(86, '2016-10-13 19:58:41', 164, 16),
	(87, '2016-10-13 19:58:59', 8, 23),
	(88, '2016-10-13 19:59:34', 134, 1),
	(89, '2016-10-13 19:59:50', 106, 1),
	(90, '2016-10-13 20:02:16', 125, 23),
	(91, '2016-10-13 20:03:58', 101, 16),
	(92, '2016-10-13 20:08:16', 64, 16),
	(93, '2016-10-13 20:10:07', 9, 23),
	(94, '2016-10-13 20:44:08', 179, 23),
	(95, '2016-10-13 20:47:03', 178, 16),
	(96, '2016-10-13 20:52:19', 149, 23),
	(97, '2016-10-13 21:01:28', 67, 4),
	(98, '2016-10-13 21:01:44', 68, 4),
	(99, '2016-10-13 21:06:24', 82, 4),
	(100, '2016-10-13 21:13:12', 139, 19),
	(101, '2016-10-14 09:45:39', 140, 23),
	(102, '2016-10-14 10:03:31', 23, 23),
	(103, '2016-10-14 10:03:47', 31, 42),
	(104, '2016-10-14 10:05:02', 32, 42),
	(105, '2016-10-14 10:05:54', 81, 27),
	(106, '2016-10-14 15:47:40', 66, 23),
	(107, '2016-10-14 15:53:48', 36, 24),
	(108, '2016-10-14 15:54:55', 70, 23),
	(109, '2016-10-14 17:14:41', 107, 23),
	(110, '2016-10-14 17:33:38', 89, 23),
	(111, '2016-10-14 18:57:26', 129, 23),
	(112, '2016-10-14 19:06:31', 97, 23),
	(113, '2016-10-14 19:12:50', 108, 12),
	(114, '2016-10-14 19:23:29', 117, 23),
	(115, '2016-10-14 19:51:01', 114, 12),
	(116, '2016-10-14 19:51:58', 8, 23),
	(117, '2016-10-14 19:55:31', 61, 23),
	(118, '2016-10-14 20:00:17', 137, 3),
	(119, '2016-10-14 20:00:40', 174, 1),
	(120, '2016-10-14 20:01:04', 174, 1),
	(121, '2016-10-14 20:02:43', 116, 23),
	(122, '2016-10-14 20:04:21', 167, 7),
	(123, '2016-10-14 20:04:39', 126, 1),
	(124, '2016-10-17 08:28:44', 97, 23),
	(125, '2016-10-17 10:08:48', 69, 23),
	(126, '2016-10-17 10:28:56', 84, 23),
	(127, '2016-10-17 10:29:06', 31, 42),
	(128, '2016-10-17 10:29:23', 32, 42),
	(129, '2016-10-17 10:29:44', 23, 23),
	(130, '2016-10-17 10:30:04', 159, 51),
	(131, '2016-10-17 10:33:01', 133, 23),
	(132, '2016-10-17 10:35:25', 201, 52),
	(133, '2016-10-17 10:35:49', 34, 2),
	(134, '2016-10-17 10:36:20', 140, 23),
	(135, '2016-10-17 10:37:07', 78, 23),
	(136, '2016-10-17 10:37:34', 175, 51),
	(137, '2016-10-17 15:23:45', 70, 23),
	(138, '2016-10-17 15:24:21', 66, 23),
	(139, '2016-10-17 15:28:06', 103, 23),
	(140, '2016-10-17 16:05:14', 150, 23),
	(141, '2016-10-17 18:08:54', 117, 23),
	(142, '2016-10-17 19:03:27', 108, 12),
	(143, '2016-10-17 19:03:56', 114, 12),
	(144, '2016-10-17 19:08:45', 152, 50),
	(145, '2016-10-17 19:50:59', 8, 23),
	(146, '2016-10-17 19:58:26', 106, 1),
	(147, '2016-10-17 19:58:47', 134, 1),
	(148, '2016-10-17 20:01:31', 137, 3),
	(149, '2016-10-17 20:51:27', 67, 23),
	(150, '2016-10-17 20:51:52', 68, 23),
	(151, '2016-10-17 20:54:33', 149, 23),
	(152, '2016-10-17 21:00:06', 179, 1),
	(153, '2016-10-17 21:05:25', 126, 1),
	(154, '2016-10-18 08:58:07', 159, 51),
	(155, '2016-10-18 09:39:32', 159, 51),
	(156, '2016-10-18 09:40:01', 84, 17),
	(157, '2016-10-18 09:43:35', 58, 23),
	(158, '2016-10-18 10:11:45', 135, 23),
	(159, '2016-10-18 15:02:01', 32, 18),
	(160, '2016-10-18 16:27:48', 79, 51),
	(161, '2016-10-18 16:28:04', 87, 17),
	(162, '2016-10-18 16:53:56', 207, 17),
	(163, '2016-10-18 17:40:40', 107, 23),
	(164, '2016-10-18 17:41:01', 130, 23),
	(165, '2016-10-18 17:58:59', 89, 23),
	(166, '2016-10-18 18:04:45', 170, 23),
	(167, '2016-10-18 18:23:58', 97, 23),
	(168, '2016-10-18 18:58:15', 8, 23),
	(169, '2016-10-18 19:00:23', 36, 18),
	(170, '2016-10-18 19:00:51', 61, 23),
	(171, '2016-10-18 19:03:23', 101, 23),
	(172, '2016-10-18 19:32:26', 116, 23),
	(173, '2016-10-18 19:32:46', 124, 23),
	(174, '2016-10-18 20:00:00', 98, 3),
	(175, '2016-10-18 20:02:32', 165, 23),
	(176, '2016-10-18 20:02:57', 173, 16),
	(177, '2016-10-18 20:03:21', 178, 16),
	(178, '2016-10-18 20:06:49', 64, 16),
	(179, '2016-10-18 21:03:08', 79, 4),
	(180, '2016-10-18 21:03:19', 67, 4),
	(181, '2016-10-18 21:03:31', 68, 4),
	(182, '2016-10-18 21:03:55', 82, 4),
	(183, '2016-10-19 11:04:01', 81, 27),
	(184, '2016-10-19 11:05:21', 140, 23),
	(185, '2016-10-19 11:05:58', 35, 23),
	(186, '2016-10-19 11:09:22', 69, 23),
	(187, '2016-10-19 11:09:37', 135, 23),
	(188, '2016-10-19 11:09:55', 133, 23),
	(189, '2016-10-19 17:48:39', 101, 23),
	(190, '2016-10-19 17:55:50', 89, 12),
	(191, '2016-10-19 18:42:51', 117, 23),
	(192, '2016-10-19 18:43:17', 61, 23),
	(193, '2016-10-19 19:03:49', 108, 12),
	(194, '2016-10-19 19:04:34', 114, 12),
	(195, '2016-10-19 19:28:46', 8, 23),
	(196, '2016-10-19 19:55:23', 165, 23),
	(197, '2016-10-19 19:55:49', 103, 23),
	(198, '2016-10-19 19:59:23', 106, 1),
	(199, '2016-10-19 19:59:55', 153, 6),
	(200, '2016-10-19 20:44:16', 56, 23),
	(201, '2016-10-19 21:41:50', 149, 23),
	(202, '2016-10-20 08:30:14', 31, 18),
	(203, '2016-10-20 08:31:30', 32, 18),
	(204, '2016-10-20 09:45:34', 97, 23),
	(205, '2016-10-20 09:58:08', 135, 23),
	(206, '2016-10-20 09:58:32', 81, 27),
	(207, '2016-10-20 10:08:28', 58, 23),
	(208, '2016-10-20 15:03:41', 207, 17),
	(209, '2016-10-20 15:45:30', 70, 23),
	(210, '2016-10-20 15:45:48', 66, 23),
	(211, '2016-10-20 17:02:02', 140, 23),
	(212, '2016-10-20 17:15:43', 130, 23),
	(213, '2016-10-20 18:37:01', 117, 23),
	(214, '2016-10-20 18:59:26', 101, 23),
	(215, '2016-10-20 19:35:02', 8, 23),
	(216, '2016-10-20 19:51:51', 165, 23),
	(217, '2016-10-20 19:55:14', 134, 1),
	(218, '2016-10-20 19:55:25', 106, 1),
	(219, '2016-10-20 20:04:33', 101, 16),
	(220, '2016-10-20 20:21:15', 183, 16),
	(221, '2016-10-20 20:23:59', 124, 23),
	(222, '2016-10-20 20:24:55', 27, 15),
	(223, '2016-10-20 20:27:02', 56, 23),
	(224, '2016-10-21 09:08:20', 205, 23),
	(225, '2016-10-21 09:34:34', 84, 17),
	(226, '2016-10-21 09:34:59', 159, 51),
	(227, '2016-10-21 09:36:45', 32, 42),
	(228, '2016-10-21 09:36:57', 31, 42),
	(229, '2016-10-21 10:48:27', 132, 51),
	(230, '2016-10-21 10:49:07', 140, 23),
	(231, '2016-10-21 15:07:22', 81, 27),
	(232, '2016-10-21 15:26:35', 66, 23),
	(233, '2016-10-21 17:28:45', 58, 23),
	(234, '2016-10-21 17:33:45', 89, 23),
	(235, '2016-10-21 18:23:02', 103, 23),
	(236, '2016-10-21 19:06:40', 108, 12),
	(237, '2016-10-21 19:07:45', 114, 12),
	(238, '2016-10-21 19:29:20', 97, 23),
	(239, '2016-10-21 20:25:57', 111, 1),
	(240, '2016-10-21 20:26:13', 30, 23),
	(241, '2016-10-21 20:45:03', 172, 23),
	(242, '2016-10-24 09:26:43', 140, 23),
	(243, '2016-10-24 09:31:04', 31, 18),
	(244, '2016-10-24 09:31:53', 23, 23),
	(245, '2016-10-24 09:42:38', 81, 27),
	(246, '2016-10-24 09:51:25', 97, 23),
	(247, '2016-10-24 16:09:31', 205, 23),
	(248, '2016-10-24 16:18:03', 103, 23),
	(249, '2016-10-24 17:37:43', 89, 12),
	(250, '2016-10-24 17:53:36', 117, 23),
	(251, '2016-10-24 18:53:28', 171, 1),
	(252, '2016-10-24 19:05:42', 153, 6),
	(253, '2016-10-24 19:12:40', 135, 23),
	(254, '2016-10-24 19:51:49', 56, 23),
	(255, '2016-10-24 20:01:09', 134, 1),
	(256, '2016-10-24 20:01:37', 106, 1),
	(257, '2016-10-24 20:07:25', 174, 1),
	(258, '2016-10-24 20:59:57', 179, 1),
	(259, '2016-10-24 21:05:21', 67, 23),
	(260, '2016-10-24 21:05:38', 68, 23),
	(261, '2016-10-25 08:27:37', 69, 23),
	(262, '2016-10-25 08:28:11', 69, 23),
	(263, '2016-10-25 09:40:19', 31, 18),
	(264, '2016-10-25 09:41:29', 32, 18),
	(265, '2016-10-25 15:09:10', 207, 17),
	(266, '2016-10-25 15:09:39', 87, 17),
	(267, '2016-10-25 16:04:08', 79, 51),
	(268, '2016-10-25 16:53:56', 97, 23),
	(269, '2016-10-25 17:08:21', 130, 23),
	(270, '2016-10-25 17:38:16', 89, 23),
	(271, '2016-10-25 17:39:51', 107, 23),
	(272, '2016-10-25 18:40:09', 61, 23),
	(273, '2016-10-25 18:44:51', 170, 23),
	(274, '2016-10-25 19:08:22', 116, 23),
	(275, '2016-10-25 19:08:47', 165, 23),
	(276, '2016-10-25 19:17:30', 149, 23),
	(277, '2016-10-25 19:43:40', 215, 23),
	(278, '2016-10-25 19:43:52', 56, 23),
	(279, '2016-10-25 19:50:47', 251, 3),
	(280, '2016-10-25 19:53:26', 253, 23),
	(281, '2016-10-25 20:01:38', 78, 23),
	(282, '2016-10-25 20:01:52', 150, 23),
	(283, '2016-10-25 20:03:42', 64, 16),
	(284, '2016-10-25 20:04:01', 168, 16),
	(285, '2016-10-25 20:04:13', 98, 3),
	(286, '2016-10-25 20:08:37', 173, 16),
	(287, '2016-10-25 20:54:17', 124, 23),
	(288, '2016-10-25 21:01:59', 79, 4),
	(289, '2016-10-25 21:02:34', 82, 4),
	(290, '2016-10-25 21:03:57', 68, 4),
	(291, '2016-10-25 21:04:12', 67, 4),
	(292, '2016-10-26 09:23:37', 205, 23),
	(293, '2016-10-26 09:36:17', 32, 18),
	(294, '2016-10-26 09:36:35', 31, 18),
	(295, '2016-10-26 09:37:20', 140, 23),
	(296, '2016-10-26 09:39:58', 133, 23),
	(297, '2016-10-26 09:40:28', 112, 23),
	(298, '2016-10-26 09:41:05', 84, 23),
	(299, '2016-10-26 09:41:33', 159, 51),
	(300, '2016-10-26 09:42:30', 132, 51),
	(301, '2016-10-26 10:21:32', 58, 23),
	(302, '2016-10-26 17:46:07', 89, 12),
	(303, '2016-10-26 17:58:19', 65, 11),
	(304, '2016-10-26 18:02:43', 69, 23),
	(305, '2016-10-26 18:43:48', 61, 23),
	(306, '2016-10-26 18:44:34', 30, 23),
	(307, '2016-10-26 18:46:09', 103, 23),
	(308, '2016-10-26 19:06:46', 114, 12),
	(309, '2016-10-26 19:07:07', 108, 12),
	(310, '2016-10-26 19:10:01', 101, 16),
	(311, '2016-10-26 19:22:35', 171, 1),
	(312, '2016-10-26 19:22:58', 179, 1),
	(313, '2016-10-26 19:30:29', 253, 23),
	(314, '2016-10-26 19:54:48', 78, 23),
	(315, '2016-10-26 19:58:41', 111, 1),
	(316, '2016-10-26 19:58:58', 134, 1),
	(317, '2016-10-26 19:59:14', 106, 1),
	(318, '2016-10-26 20:00:34', 174, 1),
	(319, '2016-10-26 21:12:16', 135, 23),
	(320, '2016-10-26 21:28:43', 67, 23),
	(321, '2016-10-26 21:29:09', 68, 23),
	(322, '2016-10-27 09:52:07', 31, 18),
	(323, '2016-10-27 09:52:30', 32, 18),
	(324, '2016-10-27 09:53:15', 84, 17),
	(325, '2016-10-27 09:58:11', 159, 51),
	(326, '2016-10-27 09:58:38', 87, 17),
	(327, '2016-10-27 10:09:11', 58, 23),
	(328, '2016-10-27 10:54:17', 35, 23),
	(329, '2016-10-27 10:55:23', 252, 51),
	(330, '2016-10-27 15:03:50', 207, 17),
	(331, '2016-10-27 15:34:15', 97, 23),
	(332, '2016-10-27 15:40:41', 69, 23),
	(333, '2016-10-27 15:50:49', 70, 23),
	(334, '2016-10-27 16:54:52', 140, 23),
	(335, '2016-10-27 18:06:33', 206, 23),
	(336, '2016-10-27 19:01:49', 36, 18),
	(337, '2016-10-27 19:11:49', 100, 19),
	(338, '2016-10-27 19:14:05', 30, 23),
	(339, '2016-10-27 19:25:33', 253, 23),
	(340, '2016-10-27 19:39:03', 116, 23),
	(341, '2016-10-27 19:49:43', 124, 23),
	(342, '2016-10-27 19:52:32', 56, 23),
	(343, '2016-10-27 19:55:34', 98, 3),
	(344, '2016-10-27 20:07:10', 183, 16),
	(345, '2016-10-27 20:10:36', 64, 16),
	(346, '2016-10-27 20:16:54', 172, 23),
	(347, '2016-10-27 20:21:40', 149, 23),
	(348, '2016-10-27 20:36:10', 9, 16),
	(349, '2016-10-27 20:46:09', 78, 23),
	(350, '2016-10-27 21:02:42', 64, 16),
	(351, '2016-10-27 21:03:18', 27, 15),
	(352, '2016-10-27 21:07:23', 79, 4),
	(353, '2016-10-27 21:27:24', 68, 4),
	(354, '2016-10-27 21:27:50', 79, 4),
	(355, '2016-10-28 08:08:03', 34, 2),
	(356, '2016-10-28 08:13:39', 201, 52),
	(357, '2016-10-28 08:33:11', 23, 23),
	(358, '2016-10-28 09:03:59', 112, 23),
	(359, '2016-10-28 09:26:49', 205, 23),
	(360, '2016-10-28 17:32:06', 107, 23),
	(361, '2016-10-28 17:32:42', 130, 23),
	(362, '2016-10-28 18:02:00', 117, 23),
	(363, '2016-10-28 19:29:29', 165, 23),
	(364, '2016-10-28 19:31:35', 253, 23),
	(365, '2016-10-28 19:34:22', 56, 23),
	(373, '2016-10-28 20:31:09', 52, 23),
	(374, '2016-10-29 11:18:35', 61, 23),
	(375, '2016-10-29 12:00:44', 172, 23),
	(376, '2016-10-31 08:55:23', 97, 23),
	(377, '2016-10-31 08:56:06', 133, 23),
	(378, '2016-10-31 09:58:38', 84, 23),
	(379, '2016-10-31 09:59:08', 159, 51),
	(380, '2016-10-31 10:04:28', 34, 2),
	(381, '2016-10-31 10:07:20', 201, 52),
	(382, '2016-10-31 10:56:36', 140, 23),
	(383, '2016-10-31 10:56:55', 252, 51),
	(384, '2016-10-31 15:33:07', 205, 23),
	(385, '2016-10-31 16:15:28', 32, 42),
	(386, '2016-10-31 16:15:50', 31, 42),
	(387, '2016-10-31 16:56:36', 79, 51),
	(388, '2016-10-31 17:24:49', 78, 23),
	(389, '2016-10-31 17:52:34', 89, 12),
	(390, '2016-10-31 17:56:58', 117, 23),
	(391, '2016-10-31 18:15:42', 69, 23),
	(392, '2016-10-31 19:59:33', 56, 23),
	(393, '2016-10-31 20:00:02', 149, 23),
	(394, '2016-10-31 20:00:21', 165, 23),
	(395, '2016-10-31 20:01:37', 253, 23),
	(396, '2016-10-31 20:13:04', 30, 23),
	(397, '2016-10-31 21:17:10', 56, 23),
	(398, '2016-11-01 09:24:27', 135, 23),
	(399, '2016-11-01 10:40:42', 140, 23),
	(400, '2016-11-01 10:41:05', 159, 51),
	(401, '2016-11-01 10:41:25', 84, 17),
	(402, '2016-11-01 17:35:29', 107, 23),
	(403, '2016-11-01 17:47:13', 89, 23),
	(404, '2016-11-01 18:01:41', 97, 23),
	(405, '2016-11-01 18:10:16', 56, 23),
	(406, '2016-11-01 18:13:52', 56, 23),
	(407, '2016-11-01 18:56:37', 61, 23),
	(408, '2016-11-01 18:57:03', 100, 19),
	(409, '2016-11-01 18:57:39', 110, 23),
	(410, '2016-11-01 18:58:22', 110, 23),
	(411, '2016-11-01 19:07:22', 139, 19),
	(412, '2016-11-01 19:39:30', 165, 23),
	(413, '2016-11-01 19:49:03', 101, 16),
	(414, '2016-11-01 19:55:06', 252, 51),
	(415, '2016-11-01 19:56:00', 168, 16),
	(416, '2016-11-01 20:01:43', 9, 16),
	(417, '2016-11-01 20:07:40', 253, 23),
	(418, '2016-11-01 20:08:05', 87, 17),
	(419, '2016-11-01 20:08:58', 27, 15),
	(420, '2016-11-01 20:09:53', 98, 3),
	(421, '2016-11-01 20:10:27', 183, 16),
	(422, '2016-11-01 20:12:49', 78, 23),
	(423, '2016-11-01 21:00:15', 82, 4),
	(424, '2016-11-02 17:16:26', 205, 23),
	(425, '2016-11-02 17:21:55', 130, 23),
	(426, '2016-11-02 17:31:36', 69, 23),
	(427, '2016-11-02 17:32:20', 52, 23),
	(428, '2016-11-02 17:51:15', 89, 12),
	(429, '2016-11-02 18:00:54', 101, 23),
	(430, '2016-11-02 18:01:58', 114, 12),
	(431, '2016-11-02 18:29:06', 61, 23),
	(432, '2016-11-02 18:31:25', 80, 12),
	(433, '2016-11-02 18:38:59', 162, 1),
	(434, '2016-11-02 18:40:25', 270, 23),
	(435, '2016-11-02 19:11:36', 110, 23),
	(436, '2016-11-02 19:12:13', 125, 12),
	(437, '2016-11-02 19:39:37', 172, 23),
	(438, '2016-11-02 20:02:25', 137, 3),
	(439, '2016-11-02 20:06:45', 253, 23),
	(440, '2016-11-02 20:48:41', 252, 51),
	(441, '2016-11-03 09:03:49', 87, 17),
	(442, '2016-11-03 09:04:21', 81, 27),
	(443, '2016-11-03 10:00:57', 97, 23),
	(444, '2016-11-03 10:16:47', 58, 23),
	(445, '2016-11-03 17:39:36', 89, 23),
	(446, '2016-11-03 17:43:47', 110, 23),
	(447, '2016-11-03 18:58:30', 108, 12),
	(448, '2016-11-03 19:18:26', 140, 23),
	(449, '2016-11-03 19:34:05', 116, 23),
	(450, '2016-11-03 19:56:11', 98, 3),
	(451, '2016-11-03 19:59:07', 168, 16),
	(452, '2016-11-03 20:01:22', 269, 16),
	(453, '2016-11-03 20:20:56', 9, 16),
	(454, '2016-11-03 20:23:18', 253, 23),
	(455, '2016-11-03 20:27:41', 56, 23),
	(456, '2016-11-03 20:36:00', 149, 23),
	(457, '2016-11-03 20:59:11', 69, 23),
	(458, '2016-11-03 20:59:32', 78, 23),
	(459, '2016-11-03 21:00:23', 82, 4),
	(460, '2016-11-03 21:09:00', 27, 15),
	(461, '2016-11-04 07:58:39', 81, 27),
	(462, '2016-11-04 09:47:36', 23, 23),
	(463, '2016-11-04 09:47:47', 140, 23),
	(464, '2016-11-04 09:48:21', 132, 51),
	(465, '2016-11-04 09:49:23', 159, 51),
	(466, '2016-11-04 09:50:40', 84, 23),
	(467, '2016-11-04 17:29:44', 205, 23),
	(468, '2016-11-04 17:46:42', 270, 23),
	(469, '2016-11-04 19:34:31', 58, 23),
	(470, '2016-11-04 19:50:50', 167, 7),
	(471, '2016-11-04 19:51:06', 116, 23),
	(472, '2016-11-04 19:55:54', 137, 3),
	(473, '2016-11-04 19:57:02', 137, 3),
	(474, '2016-11-04 20:06:55', 56, 23),
	(475, '2016-11-04 20:20:56', 172, 23),
	(476, '2016-11-04 20:42:11', 253, 23),
	(477, '2016-11-07 08:21:35', 23, 23),
	(478, '2016-11-07 10:37:52', 103, 23),
	(479, '2016-11-07 10:39:18', 159, 51),
	(480, '2016-11-07 10:39:49', 84, 23),
	(481, '2016-11-07 10:40:11', 23, 23),
	(482, '2016-11-07 10:41:14', 69, 23),
	(483, '2016-11-07 17:08:24', 140, 23),
	(484, '2016-11-07 17:08:46', 205, 23),
	(485, '2016-11-07 17:43:13', 89, 12),
	(486, '2016-11-07 17:54:33', 80, 12),
	(487, '2016-11-07 18:18:04', 108, 12),
	(488, '2016-11-07 18:29:15', 270, 23),
	(489, '2016-11-07 18:57:49', 162, 1),
	(490, '2016-11-07 18:58:43', 207, 17),
	(491, '2016-11-07 19:09:17', 58, 23),
	(492, '2016-11-07 19:58:46', 137, 3),
	(493, '2016-11-07 20:01:46', 179, 1),
	(494, '2016-11-07 20:02:08', 253, 23),
	(495, '2016-11-07 20:03:06', 106, 1),
	(496, '2016-11-07 20:21:15', 56, 23),
	(497, '2016-11-07 20:31:26', 114, 12),
	(498, '2016-11-07 20:57:12', 69, 23);
/*!40000 ALTER TABLE `registroasistencias` ENABLE KEYS */;


-- Volcando estructura para tabla gym.registroasistenciasprofesores
CREATE TABLE IF NOT EXISTS `registroasistenciasprofesores` (
  `idRegistroAsistenciaProfesores` int(11) NOT NULL AUTO_INCREMENT,
  `fecha` datetime DEFAULT NULL,
  `profesor` int(11) DEFAULT NULL,
  PRIMARY KEY (`idRegistroAsistenciaProfesores`),
  KEY `FK_6hl48ccwxncei5bnbghlttpsa` (`profesor`),
  CONSTRAINT `FK_6hl48ccwxncei5bnbghlttpsa` FOREIGN KEY (`profesor`) REFERENCES `profesores` (`idProfesor`)
) ENGINE=InnoDB AUTO_INCREMENT=12 DEFAULT CHARSET=latin1;

-- Volcando datos para la tabla gym.registroasistenciasprofesores: ~6 rows (aproximadamente)
/*!40000 ALTER TABLE `registroasistenciasprofesores` DISABLE KEYS */;
INSERT INTO `registroasistenciasprofesores` (`idRegistroAsistenciaProfesores`, `fecha`, `profesor`) VALUES
	(1, '2016-10-11 16:34:24', 2),
	(2, '2016-10-11 16:39:50', 2),
	(3, '2016-10-11 16:41:23', 1),
	(4, '2016-10-11 17:08:33', 2),
	(5, '2016-10-11 17:12:08', 2),
	(6, '2016-10-11 17:18:09', 2),
	(7, '2016-10-12 18:35:26', 2),
	(8, '2016-10-17 17:29:45', 2),
	(9, '2016-10-19 16:51:17', 2),
	(10, '2016-10-26 17:01:16', 2),
	(11, '2016-11-03 16:58:15', 2);
/*!40000 ALTER TABLE `registroasistenciasprofesores` ENABLE KEYS */;


-- Volcando estructura para tabla gym.relaciones
CREATE TABLE IF NOT EXISTS `relaciones` (
  `idRelacion` int(11) NOT NULL AUTO_INCREMENT,
  `actividad` int(11) DEFAULT NULL,
  `horario` int(11) DEFAULT NULL,
  `profesor` int(11) DEFAULT NULL,
  PRIMARY KEY (`idRelacion`),
  KEY `FK_kvd92cl97ji7q2vr4s37k2y8c` (`actividad`),
  KEY `FK_jqdjeccamexj2w0ryecd9ie76` (`horario`),
  KEY `FK_sg1ugpb8dluv25wc9mg33jtx` (`profesor`),
  CONSTRAINT `FK_jqdjeccamexj2w0ryecd9ie76` FOREIGN KEY (`horario`) REFERENCES `horarios` (`idHorario`),
  CONSTRAINT `FK_kvd92cl97ji7q2vr4s37k2y8c` FOREIGN KEY (`actividad`) REFERENCES `actividades` (`idActividad`),
  CONSTRAINT `FK_sg1ugpb8dluv25wc9mg33jtx` FOREIGN KEY (`profesor`) REFERENCES `profesores` (`idProfesor`)
) ENGINE=InnoDB AUTO_INCREMENT=54 DEFAULT CHARSET=latin1;

-- Volcando datos para la tabla gym.relaciones: ~39 rows (aproximadamente)
/*!40000 ALTER TABLE `relaciones` DISABLE KEYS */;
INSERT INTO `relaciones` (`idRelacion`, `actividad`, `horario`, `profesor`) VALUES
	(1, 5, 6, 3),
	(2, 5, 3, 1),
	(3, 5, 11, 5),
	(4, 5, 12, 5),
	(5, 5, 19, 5),
	(6, 5, 18, 5),
	(7, 5, 29, 1),
	(8, 5, 26, 1),
	(9, 6, 27, 4),
	(10, 7, 14, 4),
	(11, 6, 4, 4),
	(12, 8, 5, 1),
	(13, 8, 15, 1),
	(14, 8, 28, 1),
	(15, 2, 19, 6),
	(16, 2, 11, 6),
	(17, 4, 8, 1),
	(18, 4, 9, 1),
	(19, 4, 10, 1),
	(20, 4, 23, 1),
	(21, 4, 20, 1),
	(22, 4, 24, 1),
	(23, 3, 31, 2),
	(24, 3, 3, 1),
	(25, 3, 26, 1),
	(26, 3, 1, 1),
	(27, 3, 34, 1),
	(28, 3, 35, 1),
	(29, 3, 8, 1),
	(30, 3, 37, 1),
	(31, 3, 38, 1),
	(32, 3, 39, 1),
	(33, 3, 40, 1),
	(34, 3, 41, 1),
	(35, 3, 42, 1),
	(36, 3, 43, 1),
	(37, 3, 44, 1),
	(38, 3, 45, 1),
	(39, 3, 46, 1),
	(40, 3, 47, 1),
	(41, 3, 48, 1),
	(42, 3, 49, 1),
	(43, 3, 50, 1),
	(44, 10, 53, 1),
	(45, 10, 54, 1),
	(46, 5, 16, 3),
	(47, 5, 16, 1),
	(48, 5, 5, 1),
	(49, 5, 15, 1),
	(50, 1, 7, 3),
	(51, 3, 31, 1),
	(52, 5, 1, 1),
	(53, 5, 25, 1);
/*!40000 ALTER TABLE `relaciones` ENABLE KEYS */;


-- Volcando estructura para tabla gym.socios
CREATE TABLE IF NOT EXISTS `socios` (
  `idSocio` int(11) NOT NULL AUTO_INCREMENT,
  `fechaAlta` datetime DEFAULT NULL,
  `aptoFisico` varchar(255) DEFAULT NULL,
  `decJurada` varchar(255) DEFAULT NULL,
  `primerVencimiento` datetime DEFAULT NULL,
  `segundoVencimiento` datetime DEFAULT NULL,
  `idEstado` int(11) DEFAULT NULL,
  `persona` int(11) DEFAULT NULL,
  `ciclo` int(11) DEFAULT NULL,
  `Situacion` int(11) DEFAULT NULL,
  PRIMARY KEY (`idSocio`),
  KEY `FK_eq8b2qg7vll1uqr5hvn9b43it` (`idEstado`),
  KEY `FK_97f5s3cx252lu2uyxp64lbno8` (`persona`),
  CONSTRAINT `FK_97f5s3cx252lu2uyxp64lbno8` FOREIGN KEY (`persona`) REFERENCES `personas` (`idPersona`),
  CONSTRAINT `FK_eq8b2qg7vll1uqr5hvn9b43it` FOREIGN KEY (`idEstado`) REFERENCES `estados` (`idEstado`)
) ENGINE=InnoDB AUTO_INCREMENT=276 DEFAULT CHARSET=latin1;

-- Volcando datos para la tabla gym.socios: ~239 rows (aproximadamente)
/*!40000 ALTER TABLE `socios` DISABLE KEYS */;
INSERT INTO `socios` (`idSocio`, `fechaAlta`, `aptoFisico`, `decJurada`, `primerVencimiento`, `segundoVencimiento`, `idEstado`, `persona`, `ciclo`, `Situacion`) VALUES
	(1, '2016-08-22 11:01:20', 'A', 'A', '2016-09-21 11:01:20', '2016-10-01 11:01:20', 2, 7, 1, 1),
	(2, '2016-08-22 00:00:00', 'apto', 'certificado', '2016-10-21 00:00:00', '2016-10-31 00:00:00', 2, 8, 1, 1),
	(3, '2016-08-29 00:00:00', '', '', '2016-09-28 00:00:00', '2016-10-08 00:00:00', 2, 9, 1, 1),
	(4, '2016-08-22 00:00:00', 'apto', 'certificado', '2016-11-20 00:00:00', '2016-11-23 00:00:00', 1, 10, 1, 1),
	(5, '2016-08-26 00:00:00', 'º', '', '2016-09-25 00:00:00', '2016-10-05 00:00:00', 2, 11, 1, 1),
	(6, '2016-08-17 00:00:00', '', '', '2016-10-16 00:00:00', '2016-10-19 00:00:00', 2, 12, 1, 1),
	(7, '2016-08-16 00:00:00', '', '', '2016-10-15 00:00:00', '2016-10-18 00:00:00', 2, 13, 1, 1),
	(8, '2016-08-16 00:00:00', 'apto', 'certificado', '2016-11-14 00:00:00', '2016-11-24 00:00:00', 1, 14, 1, 1),
	(9, '2016-08-16 00:00:00', 'apto', 'certificado', '2016-12-14 00:00:00', '2016-12-24 00:00:00', 1, 15, 1, 1),
	(10, '2016-08-13 00:00:00', '', '', '2016-09-12 00:00:00', '2016-09-22 00:00:00', 2, 16, 1, 0),
	(12, '2016-08-09 03:00:00', 'apto', 'certificado', '2016-10-08 03:00:00', '2016-10-11 03:00:00', 2, 18, 1, 1),
	(13, '2016-08-30 00:00:00', 'apto', 'certificado', '2016-11-01 00:00:00', '2016-11-11 00:00:00', 2, 19, 1, 1),
	(14, '2016-01-18 03:00:00', 'apto', 'certificado', '2016-02-17 03:00:00', '2016-02-27 03:00:00', 2, 21, 1, 0),
	(15, '2016-09-01 03:00:00', 'apto', 'certificado', '2016-10-31 03:00:00', '2016-11-10 03:00:00', 2, 22, 1, 1),
	(17, '2016-09-16 03:00:00', 'C:\\Documents and Settings\\Administrador\\Mis documentos\\Mis imágenes\\tai chi.jpg', 'C:\\Documents and Settings\\Administrador\\Escritorio\\Susana\\DSC_0646.JPG', '2016-10-16 03:00:00', '2016-10-26 03:00:00', 2, 5, 1, 1),
	(19, '2016-07-12 00:00:00', 'a', 'a', '2016-08-11 00:00:00', '2016-08-21 00:00:00', 2, 25, 1, 0),
	(20, '2016-08-25 03:00:00', 'apto', 'certificado', '2016-09-24 03:00:00', '2016-10-04 03:00:00', 2, 26, 1, 1),
	(21, '2016-07-03 03:00:00', 'apto', 'certificado', '2016-08-02 03:00:00', '2016-08-12 03:00:00', 2, 27, 1, 0),
	(22, '2016-07-27 03:00:00', 'apto', 'certificado', '2016-09-25 03:00:00', '2016-09-28 03:00:00', 2, 28, 1, 1),
	(23, '2016-09-01 00:00:00', 'apto', 'certificado', '2016-12-03 00:00:00', '2016-12-06 00:00:00', 1, 29, 1, 1),
	(24, '2016-08-30 00:00:00', 'a', 'a', '0016-09-29 00:00:00', '0016-10-09 00:00:00', 2, 30, 1, 0),
	(25, '2016-08-08 03:00:00', 'apto', 'certificado', '2016-10-07 03:00:00', '2016-10-10 03:00:00', 2, 31, 1, 1),
	(26, '2016-08-08 03:00:00', 'apto', 'certificado', '2016-09-07 03:00:00', '2016-09-17 03:00:00', 2, 32, 1, 0),
	(27, '2016-08-08 03:00:00', 'apto', 'certificado', '2016-11-06 03:00:00', '2016-11-16 03:00:00', 2, 33, 1, 1),
	(28, '2016-08-05 03:00:00', 'apto', 'certificado', '2016-09-04 03:00:00', '2016-09-14 03:00:00', 2, 34, 1, 0),
	(29, '2016-08-02 03:00:00', 'apto', 'certificado', '2016-10-12 00:00:00', '2016-10-22 00:00:00', 2, 35, 1, 1),
	(30, '2016-08-01 03:00:00', 'apto', 'certificado', '2016-11-01 00:00:00', '2016-11-04 00:00:00', 2, 36, 1, 1),
	(31, '2016-08-01 03:00:00', 'apto', 'certificado', '2016-11-03 00:00:00', '2016-11-13 00:00:00', 2, 37, 1, 1),
	(32, '2016-08-02 03:00:00', '-', '-', '2016-11-05 03:00:00', '2016-11-08 03:00:00', 2, 38, 1, 1),
	(33, '2016-09-05 03:00:00', 'no tiene', 'aun presento', '2016-11-04 03:00:00', '2016-11-07 03:00:00', 2, 39, 1, 1),
	(34, '2016-09-05 03:00:00', 'pendiente', 'pendienteº', '2016-11-04 03:00:00', '2016-11-07 03:00:00', 2, 40, 1, 1),
	(35, '2016-09-05 03:00:00', 'apto', 'certificado', '2016-12-06 00:00:00', '2016-12-09 00:00:00', 1, 41, 1, 1),
	(36, '2016-08-02 03:00:00', 'EN CARPETA', 'NO', '2016-11-30 03:00:00', '2016-12-03 03:00:00', 1, 42, 1, 1),
	(37, '2016-08-01 00:00:00', 'apto', 'certificado', '2016-08-31 00:00:00', '2016-09-10 00:00:00', 2, 43, 1, 0),
	(38, '2016-08-01 00:00:00', 'apto', 'certificado', '2016-10-08 00:00:00', '2016-10-18 00:00:00', 2, 44, 1, 1),
	(39, '2016-08-01 00:00:00', 'apto', 'certificado', '2016-10-08 00:00:00', '2016-10-18 00:00:00', 2, 45, 1, 1),
	(40, '2016-07-19 00:00:00', 'apto', 'certificado', '2016-09-17 00:00:00', '2016-09-20 00:00:00', 2, 46, 1, 0),
	(41, '2016-06-26 03:00:00', 'apto', 'certificado', '2016-07-26 03:00:00', '2016-08-05 03:00:00', 2, 47, 1, 0),
	(42, '2016-07-21 00:00:00', 'CARPETA', 'NO', '0016-08-20 00:00:00', '0016-08-30 00:00:00', 2, 48, 1, 0),
	(43, '2016-03-26 00:00:00', 'apto', 'certificado', '2016-12-07 00:00:00', '2016-12-17 00:00:00', 1, 49, 1, 1),
	(44, '2016-07-02 00:00:00', 'CARPETA', 'NO', '2016-08-01 00:00:00', '2016-08-11 00:00:00', 2, 50, 1, 0),
	(45, '2016-07-26 00:00:00', 'CARPETA', 'NO', '2016-08-25 00:00:00', '2016-09-04 00:00:00', 2, 51, 1, 0),
	(46, '2016-07-26 00:00:00', 'CARPETA', 'NO', '0016-08-25 00:00:00', '0016-09-04 00:00:00', 2, 52, 1, 0),
	(47, '2016-07-12 00:00:00', 'CARPETA', 'NO', '0016-08-11 00:00:00', '0016-08-21 00:00:00', 2, 53, 1, 0),
	(48, '2016-07-11 03:00:00', 'apto', 'certificado', '2016-08-10 03:00:00', '2016-08-20 03:00:00', 2, 54, 1, 0),
	(49, '2016-07-11 03:00:00', 'apto', 'certificado', '2016-08-10 03:00:00', '2016-08-20 03:00:00', 2, 55, 1, 0),
	(50, '2016-07-11 03:00:00', 'apto', 'certificado', '2016-08-10 03:00:00', '2016-08-20 03:00:00', 2, 56, 1, 0),
	(51, '2016-07-11 03:00:00', 'apto', 'certificado', '0016-08-10 03:00:00', '0016-08-20 03:00:00', 2, 57, 1, 0),
	(52, '2016-07-11 03:00:00', 'apto', 'certificado', '2016-12-08 03:00:00', '2016-12-18 03:00:00', 1, 58, 1, 1),
	(53, '2016-06-28 03:00:00', 'apto', 'certificado', '2016-07-28 03:00:00', '2016-08-07 03:00:00', 2, 59, 1, 0),
	(54, '2016-06-21 03:00:00', 'apto', 'certificado', '2016-07-21 03:00:00', '2016-07-31 03:00:00', 2, 60, 1, 0),
	(55, '2011-11-11 00:00:00', 'apto', 'certificado', '2016-10-06 00:00:00', '2016-10-16 00:00:00', 2, 61, 1, 1),
	(56, '2016-09-05 03:00:00', 'apto', 'certificado', '2016-12-04 00:00:00', '2016-12-14 00:00:00', 1, 62, 1, 1),
	(57, '2016-06-11 03:00:00', 'apto', 'certificado', '2016-07-11 03:00:00', '2016-07-21 03:00:00', 2, 63, 1, 0),
	(58, '2016-07-07 03:00:00', 'apto', 'certificado', '2016-12-07 00:00:00', '2016-12-10 00:00:00', 1, 64, 1, 1),
	(59, '2016-07-07 03:00:00', 'apto', 'certificado', '2016-08-06 03:00:00', '2016-08-16 03:00:00', 2, 65, 1, 0),
	(60, '2016-08-26 03:00:00', 'apto', 'certificado', '2016-09-25 03:00:00', '2016-10-05 03:00:00', 2, 66, 1, 1),
	(61, '2016-09-06 03:00:00', 'apto', 'certificado', '2016-11-05 03:00:00', '2016-11-08 03:00:00', 2, 67, 1, 1),
	(62, '2016-07-06 03:00:00', 'apto', 'certificado', '2016-08-05 03:00:00', '2016-08-15 03:00:00', 2, 68, 1, 0),
	(63, '2016-07-05 03:00:00', 'apto', 'certificado', '2016-08-04 03:00:00', '2016-08-14 03:00:00', 2, 69, 1, 0),
	(64, '2016-08-02 03:00:00', 'apto', 'certificado', '2016-10-31 03:00:00', '2016-11-10 03:00:00', 2, 70, 1, 1),
	(65, '2016-07-21 03:00:00', 'apto', 'certificado', '2017-01-17 03:00:00', '2017-01-27 03:00:00', 1, 71, 1, 1),
	(66, '2016-07-04 03:00:00', 'apto', 'certificado', '2016-11-05 00:00:00', '2016-11-15 00:00:00', 2, 72, 1, 1),
	(67, '2013-03-06 03:00:00', 'apto', 'certificado', '2016-11-04 00:00:00', '2016-11-14 00:00:00', 2, 73, 1, 1),
	(68, '2011-11-03 03:00:00', 'apto', 'certificado', '2016-11-03 00:00:00', '2016-11-13 00:00:00', 2, 74, 1, 1),
	(69, '2016-07-04 03:00:00', 'apto', 'certificado', '2016-12-04 00:00:00', '2016-12-14 00:00:00', 1, 75, 1, 1),
	(70, '2016-07-04 03:00:00', 'apto', 'certificado', '2016-11-05 00:00:00', '2016-11-15 00:00:00', 2, 76, 1, 1),
	(71, '2016-03-01 03:00:00', 'CARPETA', 'NO', '2016-05-30 03:00:00', '2016-06-02 03:00:00', 2, 77, 1, 0),
	(72, '2016-09-06 03:00:00', 'CARPETA', 'NO', '2016-10-06 03:00:00', '2016-10-16 03:00:00', 2, 78, 1, 1),
	(73, '2013-04-16 03:00:00', 'CARPETA', 'NO', '2013-06-15 03:00:00', '2013-06-18 03:00:00', 2, 79, 1, 0),
	(74, '2016-07-01 03:00:00', 'CARPETA', 'NO', '2016-07-31 03:00:00', '2016-08-10 03:00:00', 2, 80, 1, 0),
	(75, '2014-01-06 03:00:00', 'carpeta', 'no', '2014-02-05 03:00:00', '2014-02-15 03:00:00', 2, 81, 1, 0),
	(76, '2015-11-17 03:00:00', 'carpeta', 'no', '2015-12-17 03:00:00', '2015-12-27 03:00:00', 2, 82, 1, 0),
	(77, '2016-09-01 03:00:00', 'apto', 'certificado', '2016-10-31 03:00:00', '2016-11-10 03:00:00', 2, 83, 1, 1),
	(78, '2016-09-07 03:00:00', 'carpeta', 'no', '2016-11-06 03:00:00', '2016-11-09 03:00:00', 2, 84, 1, 1),
	(79, '2009-03-01 02:00:00', 'apto', 'certificado', '2016-11-10 00:00:00', '2016-11-20 00:00:00', 1, 85, 1, 1),
	(80, '2011-11-08 03:00:00', 'apto', 'certificado', '2016-11-11 00:00:00', '2016-11-21 00:00:00', 1, 86, 1, 1),
	(81, '2012-06-26 03:00:00', 'apto', 'certificado', '2016-12-08 00:00:00', '2016-12-18 00:00:00', 1, 87, 1, 1),
	(82, '2015-09-08 03:00:00', 'apto', 'certificado', '2016-11-09 00:00:00', '2016-11-12 00:00:00', 1, 88, 1, 1),
	(83, '2015-08-05 03:00:00', 'apto', 'certificado', '2015-10-04 03:00:00', '2015-10-14 03:00:00', 2, 89, 1, 0),
	(84, '2015-09-08 12:49:08', 'apto', 'certificado', '2016-11-18 00:00:00', '2016-11-28 00:00:00', 1, 90, 1, 1),
	(85, '2016-07-08 12:55:37', 'apto', 'certificado', '2016-09-06 12:55:37', '2016-09-16 12:55:37', 2, 91, 1, 0),
	(86, '2014-08-08 03:00:00', 'apto', 'certificado', '2016-10-08 00:00:00', '2016-10-18 00:00:00', 2, 92, 1, 1),
	(87, '2015-09-01 03:00:00', 'apto', 'certificado', '2016-11-14 00:00:00', '2016-11-17 00:00:00', 1, 93, 1, 1),
	(88, '2015-06-15 03:00:00', 'apto', 'certificado', '2015-06-15 03:00:00', '2015-06-25 03:00:00', 2, 94, 1, 0),
	(89, '2015-09-08 03:00:00', 'apto', 'certificado', '2016-12-07 00:00:00', '2016-12-10 00:00:00', 1, 95, 1, 1),
	(90, '2016-01-18 03:00:00', 'apto', 'certificado', '2016-01-18 03:00:00', '2016-01-28 03:00:00', 2, 96, 1, 0),
	(91, '2015-10-08 00:00:00', 'apto', 'certificado', '2016-10-14 00:00:00', '2016-10-24 00:00:00', 2, 97, 1, 1),
	(92, '2015-08-11 03:00:00', 'apto', 'certificado', '2015-09-10 03:00:00', '2015-09-20 03:00:00', 2, 98, 1, 0),
	(93, '2016-01-14 03:00:00', 'apto', 'certificado', '2016-01-14 03:00:00', '2016-01-24 03:00:00', 2, 99, 1, 0),
	(94, '2011-10-05 03:00:00', 'apto', 'certificado', '2011-11-04 03:00:00', '2011-11-07 03:00:00', 2, 100, 1, 0),
	(95, '2015-10-05 03:00:00', 'apto', 'certificado', '2015-11-04 03:00:00', '2015-11-07 03:00:00', 2, 101, 1, 0),
	(96, '2016-09-05 03:00:00', 'apto', 'certificado', '2016-09-05 03:00:00', '2016-09-15 03:00:00', 2, 102, 1, 0),
	(97, '2015-08-20 00:00:00', 'apto', 'certificado', '2016-11-10 00:00:00', '2016-11-20 00:00:00', 1, 103, 1, 1),
	(98, '2016-09-08 03:00:00', 'apto', 'certificado', '2016-11-07 03:00:00', '2016-11-17 03:00:00', 2, 104, 1, 1),
	(99, '2016-09-08 03:00:00', 'apto', 'certificado', '2016-10-08 03:00:00', '2016-10-11 03:00:00', 2, 105, 1, 1),
	(100, '2016-09-08 03:00:00', 'apto', 'certificado', '2016-11-07 03:00:00', '2016-11-17 03:00:00', 2, 106, 1, 1),
	(101, '2016-09-06 03:00:00', 'apto', 'certificado', '2016-11-05 03:00:00', '2016-11-15 03:00:00', 2, 107, 1, 1),
	(102, '2016-06-23 03:00:00', 'apto', 'certificado', '2016-07-23 03:00:00', '2016-08-02 03:00:00', 2, 108, 1, 0),
	(103, '2015-07-19 03:00:00', 'apto', 'certificado', '2016-11-09 00:00:00', '2016-11-12 00:00:00', 1, 109, 1, 1),
	(104, '2016-03-03 03:00:00', 'apto', 'certificado', '2016-04-02 03:00:00', '2016-04-05 03:00:00', 2, 110, 1, 0),
	(105, '2014-06-03 03:00:00', 'apto', 'certificado', '2014-08-02 03:00:00', '2014-08-12 03:00:00', 2, 111, 1, 0),
	(106, '2016-09-23 00:00:00', 'apto', 'certificado', '2016-11-22 00:00:00', '2016-12-02 00:00:00', 1, 112, 1, 1),
	(107, '2016-04-14 03:00:00', 'apto', 'certificado', '2016-11-07 00:00:00', '2016-11-10 00:00:00', 2, 113, 1, 1),
	(108, '2016-03-14 03:00:00', 'apto', 'certificado', '2016-11-11 00:00:00', '2016-11-21 00:00:00', 1, 114, 1, 1),
	(109, '2016-07-02 03:00:00', 'apto', 'certificado', '2016-07-02 03:00:00', '2016-07-12 03:00:00', 2, 115, 1, 0),
	(110, '2016-09-09 03:00:00', 'apto', 'certificado', '2016-11-08 03:00:00', '2016-11-11 03:00:00', 1, 116, 1, 1),
	(111, '2015-06-18 03:00:00', 'apto', 'certificado', '2016-11-08 00:00:00', '2016-11-18 00:00:00', 1, 117, 1, 1),
	(112, '2016-09-09 03:00:00', 'apto', 'certificado', '2016-11-13 00:00:00', '2016-11-23 00:00:00', 1, 118, 1, 1),
	(113, '2016-09-12 03:00:00', 'apto', 'certificado', '2016-09-12 03:00:00', '2016-09-22 03:00:00', 2, 119, 1, 0),
	(114, '2016-09-09 03:00:00', 'apto', 'certificado', '2016-12-05 00:00:00', '2016-12-08 00:00:00', 1, 120, 1, 1),
	(115, '2014-05-19 03:00:00', 'apto', 'certificado', '2014-06-18 03:00:00', '2014-06-21 03:00:00', 2, 121, 1, 0),
	(116, '2016-04-11 03:00:00', 'apto', 'certificado', '2016-11-11 00:00:00', '2016-11-21 00:00:00', 1, 122, 1, 1),
	(117, '2015-04-06 03:00:00', 'apto', 'certificado', '2016-11-05 00:00:00', '2016-11-08 00:00:00', 2, 123, 1, 1),
	(118, '2016-09-12 03:00:00', 'apto', 'certificado', '2016-10-12 03:00:00', '2016-10-22 03:00:00', 2, 124, 1, 1),
	(119, '2016-09-12 03:00:00', 'apto', 'certificado', '2016-10-12 03:00:00', '2016-10-15 03:00:00', 2, 125, 1, 1),
	(120, '2016-09-12 03:00:00', 'apto', 'certificado', '2016-10-12 03:00:00', '2016-10-15 03:00:00', 2, 126, 1, 1),
	(121, '2016-09-12 03:00:00', 'apto', 'certificado', '2016-10-12 03:00:00', '2016-10-15 03:00:00', 2, 127, 1, 1),
	(122, '2016-09-10 03:00:00', 'apto', 'certificado', '2016-10-10 03:00:00', '2016-10-13 03:00:00', 2, 128, 1, 1),
	(123, '2016-09-14 03:00:00', 'apto', 'certificado', '2016-10-14 03:00:00', '2016-10-24 03:00:00', 2, 129, 1, 1),
	(124, '2015-09-29 03:00:00', 'apto', 'certificado', '2016-11-04 00:00:00', '2016-11-14 00:00:00', 2, 130, 1, 1),
	(125, '2012-10-12 00:00:00', 'apto', 'certificado', '2016-12-17 16:34:21', '2016-12-27 16:34:21', 1, 131, 1, 1),
	(126, '2016-09-09 03:00:00', 'apto', 'certificado', '2016-11-08 03:00:00', '2016-11-11 03:00:00', 1, 132, 1, 1),
	(127, '2016-09-19 03:00:00', 'apto', 'certificado', '2016-09-19 03:00:00', '2016-09-29 03:00:00', 2, 133, 1, 1),
	(128, '2016-09-14 03:00:00', 'apto', 'certificado', '2016-09-14 03:00:00', '2016-09-24 03:00:00', 2, 134, 1, 0),
	(129, '2016-09-16 03:00:00', 'apto', 'certificado', '2016-10-16 03:00:00', '2016-10-19 03:00:00', 2, 135, 1, 1),
	(130, '2016-04-08 03:00:00', 'apto', 'certificado', '2016-12-08 00:00:00', '2016-12-18 00:00:00', 1, 136, 1, 1),
	(131, '2016-05-14 03:00:00', 'apto', 'certificado', '2016-05-14 03:00:00', '2016-05-24 03:00:00', 2, 137, 1, 0),
	(132, '2014-01-06 03:00:00', 'apto', 'certificado', '2016-11-06 00:00:00', '2016-11-16 00:00:00', 2, 138, 1, 1),
	(133, '2016-09-19 00:00:00', 'apto', 'certificado', '2016-12-18 00:00:00', '2016-12-28 00:00:00', 1, 139, 1, 1),
	(134, '2016-02-01 00:00:00', 'apto', 'certificado', '2016-11-03 00:00:00', '2016-11-13 00:00:00', 2, 140, 1, 1),
	(135, '2016-09-20 00:00:00', 'apto', 'certificado', '2016-11-18 00:00:00', '2016-11-28 00:00:00', 1, 141, 1, 1),
	(137, '2016-09-20 00:00:00', 'apto', 'certificado', '2016-11-19 00:00:00', '2016-11-22 00:00:00', 1, 143, 1, 1),
	(138, '2016-09-20 00:00:00', 'apto', 'certificado', '2016-10-20 00:00:00', '2016-10-30 00:00:00', 2, 144, 1, 1),
	(139, '2016-09-20 00:00:00', 'apto', 'certificado', '2016-11-05 00:00:00', '2016-11-08 00:00:00', 2, 145, 1, 1),
	(140, '2016-09-21 00:00:00', 'apto', 'certificado', '2016-12-21 00:00:00', '2016-12-31 00:00:00', 1, 146, 1, 1),
	(141, '2016-09-21 00:00:00', 'apto', 'certificado', '2016-10-21 00:00:00', '2016-10-31 00:00:00', 2, 147, 1, 1),
	(142, '2016-09-21 00:00:00', 'apto', 'certificado', '2016-10-21 00:00:00', '2016-10-31 00:00:00', 2, 148, 1, 1),
	(143, '2016-08-09 00:00:00', 'apto', 'certificado', '2016-09-08 00:00:00', '2016-09-18 00:00:00', 2, 149, 1, 0),
	(144, '2016-09-14 18:15:33', 'apto', 'certificado', '2016-10-14 18:15:33', '2016-10-24 18:15:33', 2, 150, 1, 1),
	(145, '2016-09-22 00:00:00', 'apto', 'certificado', '2016-10-22 00:00:00', '2016-11-01 00:00:00', 2, 151, 1, 1),
	(146, '2016-09-23 00:00:00', 'apto', 'certificado', '2016-10-23 00:00:00', '2016-11-02 00:00:00', 2, 152, 1, 1),
	(147, '2016-09-23 18:31:25', 'apto', 'certificado', '2016-10-23 18:31:25', '2016-11-02 18:31:25', 2, 153, 1, 1),
	(148, '2016-09-26 00:00:00', 'apto', 'certificado', '2016-10-26 00:00:00', '2016-11-05 00:00:00', 2, 154, 1, 1),
	(149, '2016-09-19 00:00:00', 'apto', 'certificado', '2016-11-18 00:00:00', '2016-11-28 00:00:00', 1, 155, 1, 1),
	(150, '2016-09-27 00:00:00', 'apto', 'certificado', '2016-10-27 00:00:00', '2016-11-06 00:00:00', 2, 156, 1, 1),
	(151, '2016-09-28 00:00:00', 'apto', 'certificado', '2016-10-28 00:00:00', '2016-11-07 00:00:00', 2, 157, 1, 1),
	(152, '2016-10-03 00:00:00', 'apto', 'certificado', '2016-12-02 00:00:00', '2016-12-05 00:00:00', 1, 158, 1, 1),
	(153, '2016-10-03 00:00:00', 'apto', 'certificado', '2016-12-02 00:00:00', '2016-12-05 00:00:00', 1, 159, 1, 1),
	(154, '2016-10-04 00:00:00', 'apto', 'certificado', '2016-11-03 00:00:00', '2016-11-13 00:00:00', 2, 160, 1, 1),
	(155, '2016-10-03 00:00:00', 'apto', 'certificado', '2016-12-03 00:00:00', '2016-12-13 00:00:00', 1, 161, 1, 1),
	(156, '2016-10-03 00:00:00', 'apto', 'certificado', '2016-11-02 00:00:00', '2016-11-12 00:00:00', 2, 162, 1, 1),
	(157, '2016-10-04 00:00:00', 'apto', 'certificado', '2016-11-03 00:00:00', '2016-11-13 00:00:00', 2, 163, 1, 1),
	(158, '2016-10-05 00:00:00', 'apto', 'certificado', '2016-11-04 00:00:00', '2016-11-14 00:00:00', 2, 164, 1, 1),
	(159, '2016-09-19 00:00:00', 'apto', 'certificado', '2016-11-19 00:00:00', '2016-11-29 00:00:00', 1, 165, 1, 1),
	(160, '2016-10-07 16:34:42', 'apto', 'certificado', '2016-11-06 16:34:42', '2016-11-16 16:34:42', 2, 166, 1, 1),
	(161, '2016-10-12 00:00:00', 'apto', 'certificado', '2016-12-11 00:00:00', '2016-12-21 00:00:00', 1, 167, 1, 1),
	(162, '2016-09-16 19:25:44', 'apto', 'certificado', '2016-11-15 19:25:44', '2016-11-18 19:25:44', 1, 168, 1, 1),
	(163, '2016-09-22 00:00:00', 'apto', 'certificado', '2016-10-22 00:00:00', '2016-11-01 00:00:00', 2, 169, 1, 1),
	(164, '2016-09-08 00:00:00', 'apto', 'certificado', '2016-11-07 00:00:00', '2016-11-10 00:00:00', 2, 170, 1, 1),
	(165, '2016-09-07 00:00:00', 'apto', 'certificado', '2017-01-05 00:00:00', '2017-01-15 00:00:00', 1, 171, 1, 1),
	(166, '2016-10-07 00:00:00', 'apto', 'certificado', '2016-11-06 00:00:00', '2016-11-16 00:00:00', 2, 172, 1, 1),
	(167, '2016-10-07 00:00:00', 'apto', 'certificado', '2016-11-06 00:00:00', '2016-11-16 00:00:00', 2, 173, 1, 1),
	(168, '2016-10-11 00:00:00', 'apto', 'certificado', '2016-11-10 00:00:00', '2016-11-20 00:00:00', 1, 174, 1, 1),
	(169, '2016-10-11 00:00:00', 'apto', 'certificado', '2016-12-10 00:00:00', '2016-12-20 00:00:00', 1, 175, 1, 1),
	(170, '2016-10-12 00:00:00', 'apto', 'certificado', '2017-01-10 00:00:00', '2017-01-20 00:00:00', 1, 176, 1, 1),
	(171, '2016-10-12 00:00:00', 'apto', 'certificado', '2016-11-07 00:00:00', '2016-11-17 00:00:00', 2, 177, 1, 1),
	(172, '2016-10-12 00:00:00', 'apto', 'certificado', '2016-11-11 00:00:00', '2016-11-21 00:00:00', 1, 178, 1, 1),
	(173, '2016-10-12 00:00:00', 'apto', 'certificado', '2016-11-11 00:00:00', '2016-11-21 00:00:00', 1, 179, 1, 1),
	(174, '2016-10-12 00:00:00', 'apto', 'certificado', '2016-11-11 00:00:00', '2016-11-21 00:00:00', 1, 180, 1, 1),
	(175, '2016-10-12 00:00:00', 'apto', 'certificado', '2016-11-11 00:00:00', '2016-11-21 00:00:00', 1, 181, 1, 1),
	(176, '2016-10-13 17:20:09', 'apto', 'certificado', '2016-11-12 17:20:09', '2016-11-22 17:20:09', 1, 182, 1, 1),
	(177, '2016-10-13 19:00:27', 'apto', 'certificado', '2016-11-12 19:00:27', '2016-11-22 19:00:27', 1, 183, 1, 1),
	(178, '2016-10-13 00:00:00', 'apto', 'certificado', '2016-11-12 00:00:00', '2016-11-22 00:00:00', 1, 184, 1, 1),
	(179, '2016-10-13 00:00:00', 'apto', 'certificado', '2016-12-12 00:00:00', '2016-12-22 00:00:00', 1, 185, 1, 1),
	(180, '2016-10-04 20:28:21', 'apto', 'certificado', '2016-11-03 20:28:21', '2016-11-13 20:28:21', 2, 186, 1, 1),
	(181, '2016-10-13 00:00:00', 'apto', 'certificado', '2016-11-12 00:00:00', '2016-11-22 00:00:00', 1, 187, 1, 1),
	(182, '2016-10-13 00:00:00', 'apto', 'certificado', '2016-11-12 00:00:00', '2016-11-22 00:00:00', 1, 188, 1, 1),
	(183, '2016-10-13 00:00:00', 'apto', 'certificado', '2016-11-12 00:00:00', '2016-11-22 00:00:00', 1, 189, 1, 1),
	(184, '2016-10-14 00:00:00', 'apto', 'certificado', '2016-12-13 00:00:00', '2016-12-23 00:00:00', 1, 190, 1, 1),
	(185, '2016-10-14 00:00:00', 'apto', 'certificado', '2016-12-13 00:00:00', '2016-12-23 00:00:00', 1, 191, 1, 1),
	(186, '2016-10-14 20:49:31', 'apto', 'certificado', '2016-12-13 20:49:31', '2016-12-23 20:49:31', 1, 192, 1, 1),
	(187, '2016-10-14 00:00:00', 'apto', 'certificado', '2016-12-13 00:00:00', '2016-12-23 00:00:00', 1, 193, 1, 1),
	(188, '2016-10-14 00:00:00', 'apto', 'certificado', '2016-12-13 00:00:00', '2016-12-23 00:00:00', 1, 194, 1, 1),
	(189, '2016-10-14 00:00:00', 'apto', 'certificado', '2016-12-13 00:00:00', '2016-12-23 00:00:00', 1, 195, 1, 1),
	(190, '2016-10-14 00:00:00', 'apto', 'certificado', '2016-12-13 00:00:00', '2016-12-23 00:00:00', 1, 196, 1, 1),
	(191, '2016-10-14 00:00:00', 'apto', 'certificado', '2016-12-13 00:00:00', '2016-12-23 00:00:00', 1, 197, 1, 1),
	(192, '2016-10-14 00:00:00', 'apto', 'certificado', '2016-12-13 00:00:00', '2016-12-23 00:00:00', 1, 198, 1, 1),
	(193, '2016-10-14 00:00:00', 'apto', 'certificado', '2016-12-13 00:00:00', '2016-12-23 00:00:00', 1, 199, 1, 1),
	(194, '2016-10-14 00:00:00', 'apto', 'certificado', '2016-12-13 00:00:00', '2016-12-23 00:00:00', 1, 200, 1, 1),
	(195, '2016-10-14 00:00:00', 'apto', 'certificado', '2016-11-13 00:00:00', '2016-11-23 00:00:00', 1, 201, 1, 1),
	(196, '2016-10-14 00:00:00', 'apto', 'certificado', '2016-12-13 00:00:00', '2016-12-23 00:00:00', 1, 202, 1, 1),
	(197, '2016-10-14 00:00:00', 'apto', 'certificado', '2016-12-13 00:00:00', '2016-12-23 00:00:00', 1, 203, 1, 1),
	(198, '2016-10-14 00:00:00', 'apto', 'certificado', '2016-12-13 00:00:00', '2016-12-23 00:00:00', 1, 204, 1, 1),
	(199, '2016-10-14 00:00:00', 'apto', 'certificado', '2016-12-13 00:00:00', '2016-12-23 00:00:00', 1, 205, 1, 1),
	(200, '2016-10-14 21:39:36', 'apto', 'certificado', '2016-12-13 21:39:36', '2016-12-23 21:39:36', 1, 206, 1, 1),
	(201, '2016-10-17 08:17:38', 'apto', 'certificado', '2016-12-16 08:17:38', '2016-12-26 08:17:38', 1, 207, 1, 1),
	(202, '2016-10-17 00:00:00', 'apto', 'certificado', '2016-12-16 00:00:00', '2016-12-26 00:00:00', 1, 208, 1, 1),
	(203, '2016-10-17 00:00:00', 'apto', 'certificado', '2016-12-16 00:00:00', '2016-12-26 00:00:00', 1, 209, 1, 1),
	(204, '2016-10-17 00:00:00', 'apto', 'certificado', '2016-11-16 00:00:00', '2016-11-26 00:00:00', 1, 210, 1, 1),
	(205, '2016-10-17 00:00:00', 'apto', 'certificado', '2016-11-16 00:00:00', '2016-11-26 00:00:00', 1, 211, 1, 1),
	(206, '2016-10-17 00:00:00', 'apto', 'certificado', '2016-11-16 00:00:00', '2016-11-26 00:00:00', 1, 212, 1, 1),
	(207, '2016-10-18 16:34:21', 'apto', 'certificado', '2016-11-17 16:34:21', '2016-11-27 16:34:21', 1, 213, 1, 1),
	(208, '2016-10-18 00:00:00', 'apto', 'certificado', '2016-12-17 00:00:00', '2016-12-27 00:00:00', 1, 214, 1, 1),
	(209, '2016-10-18 00:00:00', 'apto', 'certificado', '2016-12-17 00:00:00', '2016-12-27 00:00:00', 1, 215, 1, 1),
	(210, '2016-10-18 00:00:00', 'apto', 'certificado', '2016-12-17 00:00:00', '2016-12-27 00:00:00', 1, 216, 1, 1),
	(211, '2016-10-18 00:00:00', 'apto', 'certificado', '2016-11-17 00:00:00', '2016-11-27 00:00:00', 1, 217, 1, 1),
	(212, '2016-10-18 00:00:00', 'apto', 'certificado', '2016-12-17 00:00:00', '2016-12-27 00:00:00', 1, 218, 1, 1),
	(213, '2016-10-18 00:00:00', 'apto', 'certificado', '2016-12-17 00:00:00', '2016-12-27 00:00:00', 1, 219, 1, 1),
	(214, '2016-10-18 00:00:00', 'apto', 'certificado', '2016-12-17 00:00:00', '2016-12-27 00:00:00', 1, 220, 1, 1),
	(215, '2016-10-18 00:00:00', 'apto', 'certificado', '2016-11-17 00:00:00', '2016-11-27 00:00:00', 1, 221, 1, 1),
	(216, '2016-10-18 19:43:26', 'apto', 'certificado', '2016-12-17 19:43:26', '2016-12-27 19:43:26', 1, 222, 1, 1),
	(217, '2016-10-18 00:00:00', 'apto', 'certificado', '2016-12-17 00:00:00', '2016-12-27 00:00:00', 1, 223, 1, 1),
	(218, '2016-10-18 00:00:00', 'apto', 'certificado', '2016-12-17 00:00:00', '2016-12-27 00:00:00', 1, 224, 1, 1),
	(219, '2016-10-18 00:00:00', 'apto', 'certificado', '2016-12-17 00:00:00', '2016-12-27 00:00:00', 1, 225, 1, 1),
	(220, '2016-10-19 00:00:00', 'apto', 'certificado', '2016-12-18 00:00:00', '2016-12-28 00:00:00', 1, 226, 1, 1),
	(221, '2016-10-19 00:00:00', 'apto', 'certificado', '2016-12-18 00:00:00', '2016-12-28 00:00:00', 1, 227, 1, 1),
	(222, '2016-10-19 20:11:58', 'apto', 'certificado', '2016-11-18 20:11:58', '2016-11-28 20:11:58', 1, 228, 1, 1),
	(223, '2016-10-19 00:00:00', 'apto', 'certificado', '2016-11-18 00:00:00', '2016-11-28 00:00:00', 1, 229, 1, 1),
	(224, '2016-10-19 00:00:00', 'apto', 'certificado', '2016-11-18 00:00:00', '2016-11-28 00:00:00', 1, 230, 1, 1),
	(225, '2016-10-19 00:00:00', 'apto', 'certificado', '2016-11-18 00:00:00', '2016-11-28 00:00:00', 1, 231, 1, 1),
	(226, '2016-10-19 00:00:00', 'apto', 'certificado', '2016-11-18 00:00:00', '2016-11-28 00:00:00', 1, 232, 1, 1),
	(227, '2016-10-19 00:00:00', 'apto', 'certificado', '2016-11-18 00:00:00', '2016-11-28 00:00:00', 1, 233, 1, 1),
	(228, '2016-10-19 20:25:48', 'apto', 'certificado', '2016-11-18 20:25:48', '2016-11-28 20:25:48', 1, 234, 1, 1),
	(229, '2016-10-19 00:00:00', 'apto', 'certificado', '2016-11-18 00:00:00', '2016-11-28 00:00:00', 1, 235, 1, 1),
	(230, '2016-10-19 00:00:00', 'apto', 'certificado', '2016-11-18 00:00:00', '2016-11-28 00:00:00', 1, 236, 1, 1),
	(231, '2016-10-19 20:35:09', 'apto', 'certificado', '2016-11-18 20:35:09', '2016-11-28 20:35:09', 1, 237, 1, 1),
	(232, '2016-10-19 00:00:00', 'apto', 'certificado', '2016-11-18 00:00:00', '2016-11-28 00:00:00', 1, 238, 1, 1),
	(233, '2016-10-19 20:39:57', 'apto', 'certificado', '2016-11-18 20:39:57', '2016-11-28 20:39:57', 1, 239, 1, 1),
	(234, '2016-10-19 20:42:49', 'apto', 'certificado', '2016-11-18 20:42:49', '2016-11-28 20:42:49', 1, 240, 1, 1),
	(235, '2016-10-19 00:00:00', 'apto', 'certificado', '2016-11-18 00:00:00', '2016-11-28 00:00:00', 1, 241, 1, 1),
	(236, '2016-10-19 20:55:04', 'apto', 'certificado', '2016-11-18 20:55:04', '2016-11-28 20:55:04', 1, 242, 1, 1),
	(237, '2016-10-19 00:00:00', 'apto', 'certificado', '2016-11-18 00:00:00', '2016-11-28 00:00:00', 1, 243, 1, 1),
	(238, '2016-10-19 00:00:00', 'apto', 'certificado', '2016-11-18 00:00:00', '2016-11-28 00:00:00', 1, 244, 1, 1),
	(239, '2016-10-19 21:17:19', 'apto', 'certificado', '2016-11-18 21:17:19', '2016-11-28 21:17:19', 1, 245, 1, 1),
	(240, '2016-10-19 21:28:32', 'apto', 'certificado', '2016-11-18 21:28:32', '2016-11-28 21:28:32', 1, 246, 1, 1),
	(241, '2015-11-08 00:00:00', 'apto', 'certificado', '2015-12-08 00:00:00', '2015-12-18 00:00:00', 2, 247, 1, 0),
	(242, '2016-10-19 00:00:00', 'apto', 'certificado', '2016-11-18 00:00:00', '2016-11-28 00:00:00', 1, 248, 1, 1),
	(243, '2016-10-19 21:34:55', 'apto', 'certificado', '2016-11-18 21:34:55', '2016-11-28 21:34:55', 1, 249, 1, 1),
	(244, '2016-10-19 21:40:05', 'apto', 'certificado', '2016-11-18 21:40:05', '2016-11-28 21:40:05', 1, 250, 1, 1),
	(245, '2016-10-20 19:18:03', 'apto', 'certificado', '2016-11-19 19:18:03', '2016-11-29 19:18:03', 1, 251, 1, 1),
	(246, '2016-10-05 00:00:00', 'apto', 'certificado', '2016-11-04 00:00:00', '2016-11-14 00:00:00', 2, 252, 1, 1),
	(247, '2016-10-20 19:23:05', 'apto', 'certificado', '2016-11-19 19:23:05', '2016-11-29 19:23:05', 1, 253, 1, 1),
	(248, '2016-10-20 00:00:00', 'apto', 'certificado', '2016-11-19 00:00:00', '2016-11-29 00:00:00', 1, 254, 1, 1),
	(249, '2016-10-20 19:28:16', 'apto', 'certificado', '2016-11-19 19:28:16', '2016-11-29 19:28:16', 1, 255, 1, 1),
	(250, '2016-10-20 19:30:32', 'apto', 'certificado', '2016-11-19 19:30:32', '2016-11-29 19:30:32', 1, 256, 1, 1),
	(251, '2016-10-20 20:12:24', 'apto', 'certificado', '2016-11-19 20:12:24', '2016-11-29 20:12:24', 1, 257, 1, 1),
	(252, '2016-10-24 09:46:29', 'apto', 'certificado', '2016-11-23 09:46:29', '2016-12-03 09:46:29', 1, 258, 1, 1),
	(253, '2016-10-24 19:56:35', 'apto', 'certificado', '2016-11-23 19:56:35', '2016-12-03 19:56:35', 1, 259, 1, 1),
	(254, '2016-10-24 20:01:26', 'apto', 'certificado', '2016-11-23 20:01:26', '2016-12-03 20:01:26', 1, 260, 1, 1),
	(255, '2016-10-24 20:05:41', 'apto', 'certificado', '2016-11-23 20:05:41', '2016-12-03 20:05:41', 1, 261, 1, 1),
	(256, '2016-10-24 20:43:59', 'apto', 'certificado', '2016-11-23 20:43:59', '2016-12-03 20:43:59', 1, 262, 1, 1),
	(257, '2016-10-24 20:50:39', 'apto', 'certificado', '2016-11-23 20:50:39', '2016-12-03 20:50:39', 1, 263, 1, 1),
	(258, '2016-10-24 20:53:03', 'apto', 'certificado', '2016-11-23 20:53:03', '2016-12-03 20:53:03', 1, 264, 1, 1),
	(259, '2016-10-24 20:55:10', 'apto', 'certificado', '2016-11-23 20:55:10', '2016-12-03 20:55:10', 1, 265, 1, 1),
	(260, '2016-10-24 20:58:29', 'apto', 'certificado', '2016-11-23 20:58:29', '2016-12-03 20:58:29', 1, 266, 1, 1),
	(261, '2016-10-25 00:00:00', 'apto', 'certificado', '2016-11-24 00:00:00', '2016-12-04 00:00:00', 1, 267, 1, 1),
	(262, '2016-10-25 00:00:00', 'apto', 'certificado', '2016-11-24 00:00:00', '2016-12-04 00:00:00', 1, 268, 1, 1),
	(263, '2016-10-25 20:45:28', 'apto', 'certificado', '2016-11-24 20:45:28', '2016-12-04 20:45:28', 1, 269, 1, 1),
	(264, '2016-10-25 20:49:36', 'apto', 'certificado', '2016-11-24 20:49:36', '2016-12-04 20:49:36', 1, 270, 1, 1),
	(265, '2016-10-25 20:54:24', 'apto', 'certificado', '2016-11-24 20:54:24', '2016-12-04 20:54:24', 1, 271, 1, 1),
	(266, '2016-10-25 00:00:00', 'apto', 'certificado', '2016-11-24 00:00:00', '2016-12-04 00:00:00', 1, 272, 1, 1),
	(267, '2016-10-25 21:04:46', 'apto', 'certificado', '2016-11-24 21:04:46', '2016-12-04 21:04:46', 1, 273, 1, 1),
	(268, '2016-10-26 00:00:00', 'apto', 'certificado', '2016-12-25 00:00:00', '2017-01-04 00:00:00', 1, 274, 1, 1),
	(269, '2016-10-27 21:08:49', 'apto', 'certificado', '2016-11-26 21:08:49', '2016-12-06 21:08:49', 1, 275, 1, 1),
	(270, '2016-10-31 20:11:21', 'apto', 'certificado', '2016-12-30 20:11:21', '2017-01-09 20:11:21', 1, 276, 1, 1),
	(271, '2016-10-31 20:55:31', 'apto', 'certificado', '2016-11-30 20:55:31', '2016-12-10 20:55:31', 1, 277, 1, 1),
	(272, '2016-11-01 18:07:19', 'apto', 'certificado', '2016-12-01 18:07:19', '2016-12-11 18:07:19', 1, 278, 1, 1),
	(273, '2016-11-01 18:09:03', 'apto', 'certificado', '2016-12-01 18:09:03', '2016-12-11 18:09:03', 1, 279, 1, 1),
	(274, '2016-11-01 00:00:00', 'apto', 'certificado', '2016-12-31 00:00:00', '2017-01-10 00:00:00', 1, 280, 1, 1),
	(275, '2016-11-04 00:00:00', 'apto', 'certificado', '2016-12-04 00:00:00', '2016-12-14 00:00:00', 1, 281, 1, 1);
/*!40000 ALTER TABLE `socios` ENABLE KEYS */;


-- Volcando estructura para tabla gym.socios_actividades
CREATE TABLE IF NOT EXISTS `socios_actividades` (
  `idSocio` int(11) NOT NULL,
  `idActividad` int(11) NOT NULL,
  `ORDEN` int(11) NOT NULL,
  KEY `FK_o8salpc0tv6de8lnty19nciui` (`idActividad`),
  KEY `FK_d7hub7day4w8q902nfanpmf3g` (`idSocio`),
  CONSTRAINT `FK_d7hub7day4w8q902nfanpmf3g` FOREIGN KEY (`idSocio`) REFERENCES `socios` (`idSocio`),
  CONSTRAINT `FK_o8salpc0tv6de8lnty19nciui` FOREIGN KEY (`idActividad`) REFERENCES `actividades` (`idActividad`)
) ENGINE=InnoDB DEFAULT CHARSET=latin1;

-- Volcando datos para la tabla gym.socios_actividades: ~0 rows (aproximadamente)
/*!40000 ALTER TABLE `socios_actividades` DISABLE KEYS */;
/*!40000 ALTER TABLE `socios_actividades` ENABLE KEYS */;


-- Volcando estructura para tabla gym.turnos
CREATE TABLE IF NOT EXISTS `turnos` (
  `idTurno` int(11) NOT NULL AUTO_INCREMENT,
  `turno` varchar(255) DEFAULT NULL,
  PRIMARY KEY (`idTurno`)
) ENGINE=InnoDB DEFAULT CHARSET=latin1;

-- Volcando datos para la tabla gym.turnos: ~0 rows (aproximadamente)
/*!40000 ALTER TABLE `turnos` DISABLE KEYS */;
/*!40000 ALTER TABLE `turnos` ENABLE KEYS */;


-- Volcando estructura para tabla gym.usuarios
CREATE TABLE IF NOT EXISTS `usuarios` (
  `idUsuario` int(11) NOT NULL AUTO_INCREMENT,
  `usuario` varchar(255) DEFAULT NULL,
  `clave` varchar(255) DEFAULT NULL,
  PRIMARY KEY (`idUsuario`)
) ENGINE=InnoDB DEFAULT CHARSET=latin1;

-- Volcando datos para la tabla gym.usuarios: ~0 rows (aproximadamente)
/*!40000 ALTER TABLE `usuarios` DISABLE KEYS */;
/*!40000 ALTER TABLE `usuarios` ENABLE KEYS */;
/*!40101 SET SQL_MODE=IFNULL(@OLD_SQL_MODE, '') */;
/*!40014 SET FOREIGN_KEY_CHECKS=IF(@OLD_FOREIGN_KEY_CHECKS IS NULL, 1, @OLD_FOREIGN_KEY_CHECKS) */;
/*!40101 SET CHARACTER_SET_CLIENT=@OLD_CHARACTER_SET_CLIENT */;
